id	family	quantity	class	kind	A_values	A_n	A_raw_median	A_raw_min	A_raw_max	A_corr_median	A_corr_rule	spread	contains0	under20ms	s310	stable	reasons	load_bearing	B_rule	A_source	adjudication
SEG|loader|-|cold|loader.booting	SEG	loader loader.booting	cold	board	0.347712,0.347531,0.355722,0.347621,0.346239,0.348338,0.348163,0.348702,0.348212,0.343924,0.348645,0.346918	12	0.347938	0.343924	0.355722	0.355962	r_best per catch (f5-best.tsv)	0.022373	N	N	-	Y	-	Y	boot-timeline --retro on seating B's RAW stamps, median per group; unchanged	bench/2026-09-23/Z9-D2.tsv (loader records: M1-BOOT,M2-A,P1-A,P2-A,P3-A,V1-A,V2-A,V3-A,V4-A,V5-A,V6-A,V7-A); s109/segtable.tsv; s106/c-clock/f5-best.tsv	
SEG|loader|-|cold|loader.banner	SEG	loader loader.banner	cold	board	0.572643,0.572033,0.586139,0.572666,0.570576,0.573338,0.572912,0.573108,0.572387,0.566361,0.573193,0.571129	12	0.572655	0.566361	0.586139	0.586127	r_best per catch (f5-best.tsv)	0.023547	N	N	-	Y	-	Y	boot-timeline --retro on seating B's RAW stamps, median per group; unchanged	bench/2026-09-23/Z9-D2.tsv (loader records: M1-BOOT,M2-A,P1-A,P2-A,P3-A,V1-A,V2-A,V3-A,V4-A,V5-A,V6-A,V7-A); s109/segtable.tsv; s106/c-clock/f5-best.tsv	raw median: the exact median is x.5 us (v_seg.out); the brief's convention names no rounding mode, so segtable.md's printed value is kept (the spec's SEG source; card B § 3.7 prints the same) - A1; A2 printed half-even; class unaffected
SEG|loader|-|cold|loader.esc	SEG	loader loader.esc	cold	board	5.121936	1	5.121936	5.121936	5.121936	5.237582	r_best per catch (f5-best.tsv)	0.000000	N	N	listed	N	listed	Y	boot-timeline --retro on seating B's RAW stamps, median per group; unchanged	bench/2026-09-23/Z9-D2.tsv (loader records: M1-BOOT); s109/segtable.tsv; s106/c-clock/f5-best.tsv	
SEG|loader|-|warm|loader.booting	SEG	loader loader.booting	warm	board	0.347327,0.351015,0.352177,0.352139,0.350521,0.351092,0.351610,0.347363,0.347171,0.345333,0.346812,0.347425,0.341474	13	0.347425	0.341474	0.352177	0.355963	r_best per catch (f5-best.tsv)	0.017129	N	N	-	Y	-	Y	boot-timeline --retro on seating B's RAW stamps, median per group; unchanged	bench/2026-09-23/Z9-D2.tsv (loader records: M2-BOOT,P1-RZ,P1L-r02-rz,P1L-r03-rz,P1Q-r02-rz,P1Q-r03-rz,P1Q-r04-rz,P2Q-r02-rz,P3Q-r02-rz,V4-WZ,V5-WZ,V6-WZ,V7-WZ); s109/segtable.tsv; s106/c-clock/f5-best.tsv	
SEG|loader|-|warm|loader.banner	SEG	loader loader.banner	warm	board	0.580757,0.587803,0.588975,0.588883,0.587734,0.589023,0.587553,0.582207,0.581185,0.578614,0.581304,0.582232,0.572747	13	0.582232	0.572747	0.589023	0.596025	r_best per catch (f5-best.tsv)	0.016291	N	N	-	Y	-	Y	boot-timeline --retro on seating B's RAW stamps, median per group; unchanged	bench/2026-09-23/Z9-D2.tsv (loader records: M2-BOOT,P1-RZ,P1L-r02-rz,P1L-r03-rz,P1Q-r02-rz,P1Q-r03-rz,P1Q-r04-rz,P2Q-r02-rz,P3Q-r02-rz,V4-WZ,V5-WZ,V6-WZ,V7-WZ); s109/segtable.tsv; s106/c-clock/f5-best.tsv	
SEG|loader|-|warm|loader.esc	SEG	loader loader.esc	warm	board	5.102142	1	5.102142	5.102142	5.102142	5.237048	r_best per catch (f5-best.tsv)	0.000000	N	N	listed	N	listed	Y	boot-timeline --retro on seating B's RAW stamps, median per group; unchanged	bench/2026-09-23/Z9-D2.tsv (loader records: M2-BOOT); s109/segtable.tsv; s106/c-clock/f5-best.tsv	
SEG|rlxfw|loud|cold|rtkload.decompress	SEG	rlxfw loud rtkload.decompress	cold	board	1.231281	1	1.231281	1.231281	1.231281	1.248637	raw / median(r_K,r_N,r_W) of the f6-rt4 window holding t0_mono	0.000000	N	N	-	Y	-	Y	boot-timeline --retro on seating B's RAW stamps, median per group; unchanged	bench/2026-09-23/Z9-D2.tsv (seg records: P1L-r01-boot); s109/segtable.tsv; s106/c-clock/f6-rt4.tsv + <capture>.meta.json t0_mono	
SEG|rlxfw|loud|cold|rtkload.total	SEG	rlxfw loud rtkload.total	cold	board	1.246918	1	1.246918	1.246918	1.246918	1.264494	raw / median(r_K,r_N,r_W) of the f6-rt4 window holding t0_mono	0.000000	N	N	-	Y	-	Y	boot-timeline --retro on seating B's RAW stamps, median per group; unchanged	bench/2026-09-23/Z9-D2.tsv (seg records: P1L-r01-boot); s109/segtable.tsv; s106/c-clock/f6-rt4.tsv + <capture>.meta.json t0_mono	
SEG|rlxfw|loud|cold|kernel.early	SEG	rlxfw loud kernel.early	cold	board	1.505786	1	1.505786	1.505786	1.505786	1.527011	raw / median(r_K,r_N,r_W) of the f6-rt4 window holding t0_mono	0.000000	N	N	-	Y	-	Y	boot-timeline --retro on seating B's RAW stamps, median per group; unchanged	bench/2026-09-23/Z9-D2.tsv (seg records: P1L-r01-boot); s109/segtable.tsv; s106/c-clock/f6-rt4.tsv + <capture>.meta.json t0_mono	
SEG|rlxfw|loud|cold|kernel.wlan	SEG	rlxfw loud kernel.wlan	cold	board	5.140987	1	5.140987	5.140987	5.140987	5.213454	raw / median(r_K,r_N,r_W) of the f6-rt4 window holding t0_mono	0.000000	N	N	-	Y	-	Y	boot-timeline --retro on seating B's RAW stamps, median per group; unchanged	bench/2026-09-23/Z9-D2.tsv (seg records: P1L-r01-boot); s109/segtable.tsv; s106/c-clock/f6-rt4.tsv + <capture>.meta.json t0_mono	
SEG|rlxfw|loud|cold|kernel.nic	SEG	rlxfw loud kernel.nic	cold	board	1.224543	1	1.224543	1.224543	1.224543	1.241804	raw / median(r_K,r_N,r_W) of the f6-rt4 window holding t0_mono	0.000000	N	N	-	Y	-	Y	boot-timeline --retro on seating B's RAW stamps, median per group; unchanged	bench/2026-09-23/Z9-D2.tsv (seg records: P1L-r01-boot); s109/segtable.tsv; s106/c-clock/f6-rt4.tsv + <capture>.meta.json t0_mono	
SEG|rlxfw|loud|cold|kernel.late	SEG	rlxfw loud kernel.late	cold	board	3.140063	1	3.140063	3.140063	3.140063	3.184325	raw / median(r_K,r_N,r_W) of the f6-rt4 window holding t0_mono	0.000000	N	N	-	Y	-	Y	boot-timeline --retro on seating B's RAW stamps, median per group; unchanged	bench/2026-09-23/Z9-D2.tsv (seg records: P1L-r01-boot); s109/segtable.tsv; s106/c-clock/f6-rt4.tsv + <capture>.meta.json t0_mono	
SEG|rlxfw|loud|cold|kernel.total	SEG	rlxfw loud kernel.total	cold	board	11.011379	1	11.011379	11.011379	11.011379	11.166595	raw / median(r_K,r_N,r_W) of the f6-rt4 window holding t0_mono	0.000000	N	N	-	Y	-	Y	boot-timeline --retro on seating B's RAW stamps, median per group; unchanged	bench/2026-09-23/Z9-D2.tsv (seg records: P1L-r01-boot); s109/segtable.tsv; s106/c-clock/f6-rt4.tsv + <capture>.meta.json t0_mono	
SEG|rlxfw|loud|cold|rlxfw.setup	SEG	rlxfw loud rlxfw.setup	cold	board	0.275227	1	0.275227	0.275227	0.275227	0.279107	raw / median(r_K,r_N,r_W) of the f6-rt4 window holding t0_mono	0.000000	N	N	-	Y	-	Y	boot-timeline --retro on seating B's RAW stamps, median per group; unchanged	bench/2026-09-23/Z9-D2.tsv (seg records: P1L-r01-boot); s109/segtable.tsv; s106/c-clock/f6-rt4.tsv + <capture>.meta.json t0_mono	
SEG|rlxfw|loud|cold|rlxfw.initpost	SEG	rlxfw loud rlxfw.initpost	cold	board	0.012049	1	0.012049	0.012049	0.012049	0.012219	raw / median(r_K,r_N,r_W) of the f6-rt4 window holding t0_mono	0.000000	N	Y	-	N	under20ms	Y	boot-timeline --retro on seating B's RAW stamps, median per group; unchanged	bench/2026-09-23/Z9-D2.tsv (seg records: P1L-r01-boot); s109/segtable.tsv; s106/c-clock/f6-rt4.tsv + <capture>.meta.json t0_mono	
SEG|rlxfw|loud|cold|user.ready	SEG	rlxfw loud user.ready	cold	board	0.116240	1	0.116240	0.116240	0.116240	0.117879	raw / median(r_K,r_N,r_W) of the f6-rt4 window holding t0_mono	0.000000	N	N	-	Y	-	Y	boot-timeline --retro on seating B's RAW stamps, median per group; unchanged	bench/2026-09-23/Z9-D2.tsv (seg records: P1L-r01-boot); s109/segtable.tsv; s106/c-clock/f6-rt4.tsv + <capture>.meta.json t0_mono	
SEG|rlxfw|loud|cold|boot.jump_to_ready	SEG	rlxfw loud boot.jump_to_ready	cold	board	12.374537	1	12.374537	12.374537	12.374537	12.548968	raw / median(r_K,r_N,r_W) of the f6-rt4 window holding t0_mono	0.000000	N	N	-	Y	-	Y	boot-timeline --retro on seating B's RAW stamps, median per group; unchanged	bench/2026-09-23/Z9-D2.tsv (seg records: P1L-r01-boot); s109/segtable.tsv; s106/c-clock/f6-rt4.tsv + <capture>.meta.json t0_mono	
SEG|rlxfw|loud|warm|rtkload.decompress	SEG	rlxfw loud rtkload.decompress	warm	board	1.229789,1.230047	2	1.229918	1.229789	1.230047	1.247255	raw / median(r_K,r_N,r_W) of the f6-rt4 window holding t0_mono	0.000105	N	N	-	Y	-	Y	boot-timeline --retro on seating B's RAW stamps, median per group; unchanged	bench/2026-09-23/Z9-D2.tsv (seg records: P1L-r02-boot,P1L-r03-boot); s109/segtable.tsv; s106/c-clock/f6-rt4.tsv + <capture>.meta.json t0_mono	
SEG|rlxfw|loud|warm|rtkload.total	SEG	rlxfw loud rtkload.total	warm	board	1.242329,1.242191	2	1.242260	1.242191	1.242329	1.259771	raw / median(r_K,r_N,r_W) of the f6-rt4 window holding t0_mono	0.000056	N	N	-	Y	-	Y	boot-timeline --retro on seating B's RAW stamps, median per group; unchanged	bench/2026-09-23/Z9-D2.tsv (seg records: P1L-r02-boot,P1L-r03-boot); s109/segtable.tsv; s106/c-clock/f6-rt4.tsv + <capture>.meta.json t0_mono	
SEG|rlxfw|loud|warm|kernel.early	SEG	rlxfw loud kernel.early	warm	board	1.504232,1.503630	2	1.503931	1.503630	1.504232	1.525130	raw / median(r_K,r_N,r_W) of the f6-rt4 window holding t0_mono	0.000200	N	N	-	Y	-	Y	boot-timeline --retro on seating B's RAW stamps, median per group; unchanged	bench/2026-09-23/Z9-D2.tsv (seg records: P1L-r02-boot,P1L-r03-boot); s109/segtable.tsv; s106/c-clock/f6-rt4.tsv + <capture>.meta.json t0_mono	
SEG|rlxfw|loud|warm|kernel.wlan	SEG	rlxfw loud kernel.wlan	warm	board	5.135754,5.134660	2	5.135207	5.134660	5.135754	5.207593	raw / median(r_K,r_N,r_W) of the f6-rt4 window holding t0_mono	0.000107	N	N	-	Y	-	Y	boot-timeline --retro on seating B's RAW stamps, median per group; unchanged	bench/2026-09-23/Z9-D2.tsv (seg records: P1L-r02-boot,P1L-r03-boot); s109/segtable.tsv; s106/c-clock/f6-rt4.tsv + <capture>.meta.json t0_mono	
SEG|rlxfw|loud|warm|kernel.nic	SEG	rlxfw loud kernel.nic	warm	board	1.223827,1.223940	2	1.223883	1.223827	1.223940	1.241135	raw / median(r_K,r_N,r_W) of the f6-rt4 window holding t0_mono	0.000046	N	N	-	Y	-	Y	boot-timeline --retro on seating B's RAW stamps, median per group; unchanged	bench/2026-09-23/Z9-D2.tsv (seg records: P1L-r02-boot,P1L-r03-boot); s109/segtable.tsv; s106/c-clock/f6-rt4.tsv + <capture>.meta.json t0_mono	
SEG|rlxfw|loud|warm|kernel.late	SEG	rlxfw loud kernel.late	warm	board	3.138961,3.138946	2	3.138953	3.138946	3.138961	3.183200	raw / median(r_K,r_N,r_W) of the f6-rt4 window holding t0_mono	0.000002	N	N	-	Y	-	Y	boot-timeline --retro on seating B's RAW stamps, median per group; unchanged	bench/2026-09-23/Z9-D2.tsv (seg records: P1L-r02-boot,P1L-r03-boot); s109/segtable.tsv; s106/c-clock/f6-rt4.tsv + <capture>.meta.json t0_mono	
SEG|rlxfw|loud|warm|kernel.total	SEG	rlxfw loud kernel.total	warm	board	11.002774,11.001176	2	11.001975	11.001176	11.002774	11.157058	raw / median(r_K,r_N,r_W) of the f6-rt4 window holding t0_mono	0.000073	N	N	-	Y	-	Y	boot-timeline --retro on seating B's RAW stamps, median per group; unchanged	bench/2026-09-23/Z9-D2.tsv (seg records: P1L-r02-boot,P1L-r03-boot); s109/segtable.tsv; s106/c-clock/f6-rt4.tsv + <capture>.meta.json t0_mono	
SEG|rlxfw|loud|warm|rlxfw.setup	SEG	rlxfw loud rlxfw.setup	warm	board	0.275187,0.274089	2	0.274638	0.274089	0.275187	0.278509	raw / median(r_K,r_N,r_W) of the f6-rt4 window holding t0_mono	0.001999	N	N	-	Y	-	Y	boot-timeline --retro on seating B's RAW stamps, median per group; unchanged	bench/2026-09-23/Z9-D2.tsv (seg records: P1L-r02-boot,P1L-r03-boot); s109/segtable.tsv; s106/c-clock/f6-rt4.tsv + <capture>.meta.json t0_mono	
SEG|rlxfw|loud|warm|rlxfw.initpost	SEG	rlxfw loud rlxfw.initpost	warm	board	0.011437,0.012033	2	0.011735	0.011437	0.012033	0.011900	raw / median(r_K,r_N,r_W) of the f6-rt4 window holding t0_mono	0.025394	N	Y	-	N	under20ms	Y	boot-timeline --retro on seating B's RAW stamps, median per group; unchanged	bench/2026-09-23/Z9-D2.tsv (seg records: P1L-r02-boot,P1L-r03-boot); s109/segtable.tsv; s106/c-clock/f6-rt4.tsv + <capture>.meta.json t0_mono	
SEG|rlxfw|loud|warm|user.ready	SEG	rlxfw loud user.ready	warm	board	0.116702,0.116062	2	0.116382	0.116062	0.116702	0.118023	raw / median(r_K,r_N,r_W) of the f6-rt4 window holding t0_mono	0.002750	N	N	-	Y	-	Y	boot-timeline --retro on seating B's RAW stamps, median per group; unchanged	bench/2026-09-23/Z9-D2.tsv (seg records: P1L-r02-boot,P1L-r03-boot); s109/segtable.tsv; s106/c-clock/f6-rt4.tsv + <capture>.meta.json t0_mono	
SEG|rlxfw|loud|warm|boot.jump_to_ready	SEG	rlxfw loud boot.jump_to_ready	warm	board	12.361805,12.359429	2	12.360617	12.359429	12.361805	12.534851	raw / median(r_K,r_N,r_W) of the f6-rt4 window holding t0_mono	0.000096	N	N	-	Y	-	Y	boot-timeline --retro on seating B's RAW stamps, median per group; unchanged	bench/2026-09-23/Z9-D2.tsv (seg records: P1L-r02-boot,P1L-r03-boot); s109/segtable.tsv; s106/c-clock/f6-rt4.tsv + <capture>.meta.json t0_mono	
SEG|rlxfw|quiet|cold|rtkload.decompress	SEG	rlxfw quiet rtkload.decompress	cold	board	1.189148,1.187909	2	1.188529	1.187909	1.189148	1.219194	raw / median(r_K,r_N,r_W) of the f6-rt4 window holding t0_mono	0.000521	N	N	-	Y	-	Y	boot-timeline --retro on seating B's RAW stamps, median per group; unchanged	bench/2026-09-23/Z9-D2.tsv (seg records: P2Q-r01-boot,P3Q-r01-boot); s109/segtable.tsv; s106/c-clock/f6-rt4.tsv + <capture>.meta.json t0_mono	
SEG|rlxfw|quiet|cold|rtkload.total	SEG	rlxfw quiet rtkload.total	cold	board	1.202405,1.201280	2	1.201842	1.201280	1.202405	1.232852	raw / median(r_K,r_N,r_W) of the f6-rt4 window holding t0_mono	0.000468	N	N	-	Y	-	Y	boot-timeline --retro on seating B's RAW stamps, median per group; unchanged	bench/2026-09-23/Z9-D2.tsv (seg records: P2Q-r01-boot,P3Q-r01-boot); s109/segtable.tsv; s106/c-clock/f6-rt4.tsv + <capture>.meta.json t0_mono	
SEG|rlxfw|quiet|cold|kernel.early	SEG	rlxfw quiet kernel.early	cold	board	0.802961,0.802121	2	0.802541	0.802121	0.802961	0.823248	raw / median(r_K,r_N,r_W) of the f6-rt4 window holding t0_mono	0.000523	N	N	-	Y	-	Y	boot-timeline --retro on seating B's RAW stamps, median per group; unchanged	bench/2026-09-23/Z9-D2.tsv (seg records: P2Q-r01-boot,P3Q-r01-boot); s109/segtable.tsv; s106/c-clock/f6-rt4.tsv + <capture>.meta.json t0_mono	
SEG|rlxfw|quiet|cold|kernel.wlan	SEG	rlxfw quiet kernel.wlan	cold	board	4.488393,4.482159	2	4.485276	4.482159	4.488393	4.601001	raw / median(r_K,r_N,r_W) of the f6-rt4 window holding t0_mono	0.000695	N	N	-	Y	-	Y	boot-timeline --retro on seating B's RAW stamps, median per group; unchanged	bench/2026-09-23/Z9-D2.tsv (seg records: P2Q-r01-boot,P3Q-r01-boot); s109/segtable.tsv; s106/c-clock/f6-rt4.tsv + <capture>.meta.json t0_mono	
SEG|rlxfw|quiet|cold|kernel.nic	SEG	rlxfw quiet kernel.nic	cold	board	0.840555,0.839362	2	0.839959	0.839362	0.840555	0.861630	raw / median(r_K,r_N,r_W) of the f6-rt4 window holding t0_mono	0.000710	N	N	-	Y	-	Y	boot-timeline --retro on seating B's RAW stamps, median per group; unchanged	bench/2026-09-23/Z9-D2.tsv (seg records: P2Q-r01-boot,P3Q-r01-boot); s109/segtable.tsv; s106/c-clock/f6-rt4.tsv + <capture>.meta.json t0_mono	raw median: the exact median is x.5 us (v_seg.out); the brief's convention names no rounding mode, so segtable.md's printed value is kept (the spec's SEG source; card B § 3.7 prints the same) - A1; A2 printed half-even; class unaffected
SEG|rlxfw|quiet|cold|kernel.late	SEG	rlxfw quiet kernel.late	cold	board	3.092295,3.087148	2	3.089722	3.087148	3.092295	3.169439	raw / median(r_K,r_N,r_W) of the f6-rt4 window holding t0_mono	0.000833	N	N	-	Y	-	Y	boot-timeline --retro on seating B's RAW stamps, median per group; unchanged	bench/2026-09-23/Z9-D2.tsv (seg records: P2Q-r01-boot,P3Q-r01-boot); s109/segtable.tsv; s106/c-clock/f6-rt4.tsv + <capture>.meta.json t0_mono	
SEG|rlxfw|quiet|cold|kernel.total	SEG	rlxfw quiet kernel.total	cold	board	9.224204,9.210790	2	9.217497	9.210790	9.224204	9.455319	raw / median(r_K,r_N,r_W) of the f6-rt4 window holding t0_mono	0.000728	N	N	-	Y	-	Y	boot-timeline --retro on seating B's RAW stamps, median per group; unchanged	bench/2026-09-23/Z9-D2.tsv (seg records: P2Q-r01-boot,P3Q-r01-boot); s109/segtable.tsv; s106/c-clock/f6-rt4.tsv + <capture>.meta.json t0_mono	
SEG|rlxfw|quiet|cold|rlxfw.setup	SEG	rlxfw quiet rlxfw.setup	cold	board	0.045835,0.045650	2	0.045743	0.045650	0.045835	0.046923	raw / median(r_K,r_N,r_W) of the f6-rt4 window holding t0_mono	0.002022	N	N	-	Y	-	Y	boot-timeline --retro on seating B's RAW stamps, median per group; unchanged	bench/2026-09-23/Z9-D2.tsv (seg records: P2Q-r01-boot,P3Q-r01-boot); s109/segtable.tsv; s106/c-clock/f6-rt4.tsv + <capture>.meta.json t0_mono	raw median: the exact median is x.5 us (v_seg.out); the brief's convention names no rounding mode, so segtable.md's printed value is kept (the spec's SEG source; card B § 3.7 prints the same) - A1; A2 printed half-even; class unaffected
SEG|rlxfw|quiet|cold|rlxfw.initpost	SEG	rlxfw quiet rlxfw.initpost	cold	board	0.011588,0.011458	2	0.011523	0.011458	0.011588	0.011820	raw / median(r_K,r_N,r_W) of the f6-rt4 window holding t0_mono	0.005641	N	Y	-	N	under20ms	Y	boot-timeline --retro on seating B's RAW stamps, median per group; unchanged	bench/2026-09-23/Z9-D2.tsv (seg records: P2Q-r01-boot,P3Q-r01-boot); s109/segtable.tsv; s106/c-clock/f6-rt4.tsv + <capture>.meta.json t0_mono	
SEG|rlxfw|quiet|cold|user.ready	SEG	rlxfw quiet user.ready	cold	board	0.113928,0.112829	2	0.113378	0.112829	0.113928	0.116303	raw / median(r_K,r_N,r_W) of the f6-rt4 window holding t0_mono	0.004847	N	N	-	Y	-	Y	boot-timeline --retro on seating B's RAW stamps, median per group; unchanged	bench/2026-09-23/Z9-D2.tsv (seg records: P2Q-r01-boot,P3Q-r01-boot); s109/segtable.tsv; s106/c-clock/f6-rt4.tsv + <capture>.meta.json t0_mono	
SEG|rlxfw|quiet|cold|boot.jump_to_ready	SEG	rlxfw quiet boot.jump_to_ready	cold	board	10.540537,10.524899	2	10.532718	10.524899	10.540537	10.804474	raw / median(r_K,r_N,r_W) of the f6-rt4 window holding t0_mono	0.000742	N	N	-	Y	-	Y	boot-timeline --retro on seating B's RAW stamps, median per group; unchanged	bench/2026-09-23/Z9-D2.tsv (seg records: P2Q-r01-boot,P3Q-r01-boot); s109/segtable.tsv; s106/c-clock/f6-rt4.tsv + <capture>.meta.json t0_mono	
SEG|rlxfw|quiet|warm|rtkload.decompress	SEG	rlxfw quiet rtkload.decompress	warm	board	1.201430,1.201145,1.201179,1.201207,1.189683,1.187955	6	1.201162	1.187955	1.201430	1.218125	raw / median(r_K,r_N,r_W) of the f6-rt4 window holding t0_mono	0.010995	N	N	-	Y	-	Y	boot-timeline --retro on seating B's RAW stamps, median per group; unchanged	bench/2026-09-23/Z9-D2.tsv (seg records: P1Q-r01-boot,P1Q-r02-boot,P1Q-r03-boot,P1Q-r04-boot,P2Q-r02-boot,P3Q-r02-boot); s109/segtable.tsv; s106/c-clock/f6-rt4.tsv + <capture>.meta.json t0_mono	
SEG|rlxfw|quiet|warm|rtkload.total	SEG	rlxfw quiet rtkload.total	warm	board	1.214962,1.215932,1.215751,1.213797,1.204797,1.202401	6	1.214380	1.202401	1.215932	1.232980	raw / median(r_K,r_N,r_W) of the f6-rt4 window holding t0_mono	0.009864	N	N	-	Y	-	Y	boot-timeline --retro on seating B's RAW stamps, median per group; unchanged	bench/2026-09-23/Z9-D2.tsv (seg records: P1Q-r01-boot,P1Q-r02-boot,P1Q-r03-boot,P1Q-r04-boot,P2Q-r02-boot,P3Q-r02-boot); s109/segtable.tsv; s106/c-clock/f6-rt4.tsv + <capture>.meta.json t0_mono	
SEG|rlxfw|quiet|warm|kernel.early	SEG	rlxfw quiet kernel.early	warm	board	0.810694,0.809540,0.810345,0.811875,0.801947,0.802074	6	0.809943	0.801947	0.811875	0.821945	raw / median(r_K,r_N,r_W) of the f6-rt4 window holding t0_mono	0.009872	N	N	-	Y	-	Y	boot-timeline --retro on seating B's RAW stamps, median per group; unchanged	bench/2026-09-23/Z9-D2.tsv (seg records: P1Q-r01-boot,P1Q-r02-boot,P1Q-r03-boot,P1Q-r04-boot,P2Q-r02-boot,P3Q-r02-boot); s109/segtable.tsv; s106/c-clock/f6-rt4.tsv + <capture>.meta.json t0_mono	raw median: the exact median is x.5 us (v_seg.out); the brief's convention names no rounding mode, so segtable.md's printed value is kept (the spec's SEG source; card B § 3.7 prints the same) - A1; A2 printed half-even; class unaffected
SEG|rlxfw|quiet|warm|kernel.wlan	SEG	rlxfw quiet kernel.wlan	warm	board	4.533195,4.534946,4.533479,4.533046,4.489227,4.482950	6	4.533120	4.482950	4.534946	4.597239	raw / median(r_K,r_N,r_W) of the f6-rt4 window holding t0_mono	0.011068	N	N	-	Y	-	Y	boot-timeline --retro on seating B's RAW stamps, median per group; unchanged	bench/2026-09-23/Z9-D2.tsv (seg records: P1Q-r01-boot,P1Q-r02-boot,P1Q-r03-boot,P1Q-r04-boot,P2Q-r02-boot,P3Q-r02-boot); s109/segtable.tsv; s106/c-clock/f6-rt4.tsv + <capture>.meta.json t0_mono	
SEG|rlxfw|quiet|warm|kernel.nic	SEG	rlxfw quiet kernel.nic	warm	board	0.848276,0.847862,0.848698,0.847604,0.839103,0.839458	6	0.847733	0.839103	0.848698	0.860023	raw / median(r_K,r_N,r_W) of the f6-rt4 window holding t0_mono	0.010180	N	N	-	Y	-	Y	boot-timeline --retro on seating B's RAW stamps, median per group; unchanged	bench/2026-09-23/Z9-D2.tsv (seg records: P1Q-r01-boot,P1Q-r02-boot,P1Q-r03-boot,P1Q-r04-boot,P2Q-r02-boot,P3Q-r02-boot); s109/segtable.tsv; s106/c-clock/f6-rt4.tsv + <capture>.meta.json t0_mono	
SEG|rlxfw|quiet|warm|kernel.late	SEG	rlxfw quiet kernel.late	warm	board	3.121431,3.122019,3.121399,3.121911,3.090275,3.087729	6	3.121415	3.087729	3.122019	3.165674	raw / median(r_K,r_N,r_W) of the f6-rt4 window holding t0_mono	0.010792	N	N	-	Y	-	Y	boot-timeline --retro on seating B's RAW stamps, median per group; unchanged	bench/2026-09-23/Z9-D2.tsv (seg records: P1Q-r01-boot,P1Q-r02-boot,P1Q-r03-boot,P1Q-r04-boot,P2Q-r02-boot,P3Q-r02-boot); s109/segtable.tsv; s106/c-clock/f6-rt4.tsv + <capture>.meta.json t0_mono	
SEG|rlxfw|quiet|warm|kernel.total	SEG	rlxfw quiet kernel.total	warm	board	9.313596,9.314367,9.313921,9.314436,9.220552,9.212211	6	9.313759	9.212211	9.314436	9.445436	raw / median(r_K,r_N,r_W) of the f6-rt4 window holding t0_mono	0.010903	N	N	-	Y	-	Y	boot-timeline --retro on seating B's RAW stamps, median per group; unchanged	bench/2026-09-23/Z9-D2.tsv (seg records: P1Q-r01-boot,P1Q-r02-boot,P1Q-r03-boot,P1Q-r04-boot,P2Q-r02-boot,P3Q-r02-boot); s109/segtable.tsv; s106/c-clock/f6-rt4.tsv + <capture>.meta.json t0_mono	
SEG|rlxfw|quiet|warm|rlxfw.setup	SEG	rlxfw quiet rlxfw.setup	warm	board	0.046202,0.046625,0.046324,0.046393,0.046125,0.046074	6	0.046263	0.046074	0.046625	0.047136	raw / median(r_K,r_N,r_W) of the f6-rt4 window holding t0_mono	0.007825	N	N	-	Y	-	Y	boot-timeline --retro on seating B's RAW stamps, median per group; unchanged	bench/2026-09-23/Z9-D2.tsv (seg records: P1Q-r01-boot,P1Q-r02-boot,P1Q-r03-boot,P1Q-r04-boot,P2Q-r02-boot,P3Q-r02-boot); s109/segtable.tsv; s106/c-clock/f6-rt4.tsv + <capture>.meta.json t0_mono	
SEG|rlxfw|quiet|warm|rlxfw.initpost	SEG	rlxfw quiet rlxfw.initpost	warm	board	0.011626,0.011798,0.011642,0.012498,0.011636,0.012336	6	0.011720	0.011626	0.012498	0.011939	raw / median(r_K,r_N,r_W) of the f6-rt4 window holding t0_mono	0.066382	N	Y	-	N	under20ms	Y	boot-timeline --retro on seating B's RAW stamps, median per group; unchanged	bench/2026-09-23/Z9-D2.tsv (seg records: P1Q-r01-boot,P1Q-r02-boot,P1Q-r03-boot,P1Q-r04-boot,P2Q-r02-boot,P3Q-r02-boot); s109/segtable.tsv; s106/c-clock/f6-rt4.tsv + <capture>.meta.json t0_mono	
SEG|rlxfw|quiet|warm|user.ready	SEG	rlxfw quiet user.ready	warm	board	0.114218,0.114490,0.115006,0.114354,0.113162,0.112057	6	0.114286	0.112057	0.115006	0.115914	raw / median(r_K,r_N,r_W) of the f6-rt4 window holding t0_mono	0.019504	N	N	-	Y	-	Y	boot-timeline --retro on seating B's RAW stamps, median per group; unchanged	bench/2026-09-23/Z9-D2.tsv (seg records: P1Q-r01-boot,P1Q-r02-boot,P1Q-r03-boot,P1Q-r04-boot,P2Q-r02-boot,P3Q-r02-boot); s109/segtable.tsv; s106/c-clock/f6-rt4.tsv + <capture>.meta.json t0_mono	
SEG|rlxfw|quiet|warm|boot.jump_to_ready	SEG	rlxfw quiet boot.jump_to_ready	warm	board	10.642776,10.644789,10.644678,10.642587,10.538511,10.526669	6	10.642682	10.526669	10.644789	10.793760	raw / median(r_K,r_N,r_W) of the f6-rt4 window holding t0_mono	0.010901	N	N	-	Y	-	Y	boot-timeline --retro on seating B's RAW stamps, median per group; unchanged	bench/2026-09-23/Z9-D2.tsv (seg records: P1Q-r01-boot,P1Q-r02-boot,P1Q-r03-boot,P1Q-r04-boot,P2Q-r02-boot,P3Q-r02-boot); s109/segtable.tsv; s106/c-clock/f6-rt4.tsv + <capture>.meta.json t0_mono	
SEG|vendor|-|cold|rtkload.decompress	SEG	vendor rtkload.decompress	cold	board	1.036909,1.037217,1.036748,1.038023	4	1.037063	1.036748	1.038023	1.060934	raw / median(r_K,r_N,r_W) of the f6-rt4 window holding t0_mono	0.000926	N	N	-	Y	-	Y	boot-timeline --retro on seating B's RAW stamps, median per group; unchanged	bench/2026-09-23/Z9-D2.tsv (seg records: M1-BOOT,V1-BOOT,V2-BOOT,V3-BOOT); s109/segtable.tsv; s106/c-clock/f6-rt4.tsv + <capture>.meta.json t0_mono	
SEG|vendor|-|cold|rtkload.total	SEG	vendor rtkload.total	cold	board	1.054713,1.050186,1.048721,1.052255	4	1.051220	1.048721	1.054713	1.075694	raw / median(r_K,r_N,r_W) of the f6-rt4 window holding t0_mono	0.003322	N	N	-	Y	-	Y	boot-timeline --retro on seating B's RAW stamps, median per group; unchanged	bench/2026-09-23/Z9-D2.tsv (seg records: M1-BOOT,V1-BOOT,V2-BOOT,V3-BOOT); s109/segtable.tsv; s106/c-clock/f6-rt4.tsv + <capture>.meta.json t0_mono	
SEG|vendor|-|cold|kernel.early	SEG	vendor kernel.early	cold	board	0.652201,0.651688,0.651499,0.652501	4	0.651945	0.651499	0.652501	0.666951	raw / median(r_K,r_N,r_W) of the f6-rt4 window holding t0_mono	0.000854	N	N	-	Y	-	Y	boot-timeline --retro on seating B's RAW stamps, median per group; unchanged	bench/2026-09-23/Z9-D2.tsv (seg records: M1-BOOT,V1-BOOT,V2-BOOT,V3-BOOT); s109/segtable.tsv; s106/c-clock/f6-rt4.tsv + <capture>.meta.json t0_mono	raw median: the exact median is x.5 us (v_seg.out); the brief's convention names no rounding mode, so segtable.md's printed value is kept (the spec's SEG source; card B § 3.7 prints the same) - A1; A2 printed half-even; class unaffected
SEG|vendor|-|cold|kernel.wlan	SEG	vendor kernel.wlan	cold	board	4.529564,4.522264,4.522136,4.527160	4	4.524712	4.522136	4.529564	4.630051	raw / median(r_K,r_N,r_W) of the f6-rt4 window holding t0_mono	0.001072	N	N	-	Y	-	Y	boot-timeline --retro on seating B's RAW stamps, median per group; unchanged	bench/2026-09-23/Z9-D2.tsv (seg records: M1-BOOT,V1-BOOT,V2-BOOT,V3-BOOT); s109/segtable.tsv; s106/c-clock/f6-rt4.tsv + <capture>.meta.json t0_mono	
SEG|vendor|-|cold|kernel.nic	SEG	vendor kernel.nic	cold	board	0.831993,0.816863,0.815464,0.832872	4	0.824428	0.815464	0.832872	0.843410	raw / median(r_K,r_N,r_W) of the f6-rt4 window holding t0_mono	0.010873	N	N	-	Y	-	Y	boot-timeline --retro on seating B's RAW stamps, median per group; unchanged	bench/2026-09-23/Z9-D2.tsv (seg records: M1-BOOT,V1-BOOT,V2-BOOT,V3-BOOT); s109/segtable.tsv; s106/c-clock/f6-rt4.tsv + <capture>.meta.json t0_mono	
SEG|vendor|-|cold|kernel.late	SEG	vendor kernel.late	cold	board	0.970690,0.951521,0.953632,0.975365	4	0.962161	0.951521	0.975365	0.984264	raw / median(r_K,r_N,r_W) of the f6-rt4 window holding t0_mono	0.013723	N	N	-	Y	-	Y	boot-timeline --retro on seating B's RAW stamps, median per group; unchanged	bench/2026-09-23/Z9-D2.tsv (seg records: M1-BOOT,V1-BOOT,V2-BOOT,V3-BOOT); s109/segtable.tsv; s106/c-clock/f6-rt4.tsv + <capture>.meta.json t0_mono	
SEG|vendor|-|cold|kernel.total	SEG	vendor kernel.total	cold	board	6.984448,6.942336,6.942731,6.987898	4	6.963590	6.942336	6.987898	7.123691	raw / median(r_K,r_N,r_W) of the f6-rt4 window holding t0_mono	0.003491	N	N	-	Y	-	Y	boot-timeline --retro on seating B's RAW stamps, median per group; unchanged	bench/2026-09-23/Z9-D2.tsv (seg records: M1-BOOT,V1-BOOT,V2-BOOT,V3-BOOT); s109/segtable.tsv; s106/c-clock/f6-rt4.tsv + <capture>.meta.json t0_mono	
SEG|vendor|-|cold|user.ready	SEG	vendor user.ready	cold	board	18.136586,18.317105,18.094300,18.218087	4	18.177337	18.094300	18.317105	18.611937	raw / median(r_K,r_N,r_W) of the f6-rt4 window holding t0_mono	0.007689	N	N	-	Y	-	Y	boot-timeline --retro on seating B's RAW stamps, median per group; unchanged	bench/2026-09-23/Z9-D2.tsv (seg records: M1-BOOT,V1-BOOT,V2-BOOT,V3-BOOT); s109/segtable.tsv; s106/c-clock/f6-rt4.tsv + <capture>.meta.json t0_mono	
SEG|vendor|-|cold|boot.jump_to_ready	SEG	vendor boot.jump_to_ready	cold	board	26.175747,26.309627,26.085752,26.258240	4	26.216994	26.085752	26.309627	26.843809	raw / median(r_K,r_N,r_W) of the f6-rt4 window holding t0_mono	0.005006	N	N	-	Y	-	Y	boot-timeline --retro on seating B's RAW stamps, median per group; unchanged	bench/2026-09-23/Z9-D2.tsv (seg records: M1-BOOT,V1-BOOT,V2-BOOT,V3-BOOT); s109/segtable.tsv; s106/c-clock/f6-rt4.tsv + <capture>.meta.json t0_mono	
SEG|vendor|-|warm|rtkload.decompress	SEG	vendor rtkload.decompress	warm	board	1.031931,1.026900,1.033856,1.034137,1.033709	5	1.033709	1.026900	1.034137	1.059804	raw / median(r_K,r_N,r_W) of the f6-rt4 window holding t0_mono	0.006587	N	N	-	Y	-	Y	boot-timeline --retro on seating B's RAW stamps, median per group; unchanged	bench/2026-09-23/Z9-D2.tsv (seg records: M2-BOOT,V4-BOOT,V5-BOOT,V6-BOOT,V7-BOOT); s109/segtable.tsv; s106/c-clock/f6-rt4.tsv + <capture>.meta.json t0_mono	
SEG|vendor|-|warm|rtkload.total	SEG	vendor rtkload.total	warm	board	1.049544,1.039828,1.043347,1.046750,1.044943	5	1.044943	1.039828	1.049544	1.071956	raw / median(r_K,r_N,r_W) of the f6-rt4 window holding t0_mono	0.004895	N	N	-	Y	-	Y	boot-timeline --retro on seating B's RAW stamps, median per group; unchanged	bench/2026-09-23/Z9-D2.tsv (seg records: M2-BOOT,V4-BOOT,V5-BOOT,V6-BOOT,V7-BOOT); s109/segtable.tsv; s106/c-clock/f6-rt4.tsv + <capture>.meta.json t0_mono	
SEG|vendor|-|warm|kernel.early	SEG	vendor kernel.early	warm	board	0.649589,0.646594,0.650648,0.650366,0.650658	5	0.650366	0.646594	0.650658	0.666921	raw / median(r_K,r_N,r_W) of the f6-rt4 window holding t0_mono	0.005800	N	N	-	Y	-	Y	boot-timeline --retro on seating B's RAW stamps, median per group; unchanged	bench/2026-09-23/Z9-D2.tsv (seg records: M2-BOOT,V4-BOOT,V5-BOOT,V6-BOOT,V7-BOOT); s109/segtable.tsv; s106/c-clock/f6-rt4.tsv + <capture>.meta.json t0_mono	
SEG|vendor|-|warm|kernel.wlan	SEG	vendor kernel.wlan	warm	board	4.502612,4.480443,4.510082,4.488182,4.510554	5	4.502612	4.480443	4.510554	4.622880	raw / median(r_K,r_N,r_W) of the f6-rt4 window holding t0_mono	0.004924	N	N	-	Y	-	Y	boot-timeline --retro on seating B's RAW stamps, median per group; unchanged	bench/2026-09-23/Z9-D2.tsv (seg records: M2-BOOT,V4-BOOT,V5-BOOT,V6-BOOT,V7-BOOT); s109/segtable.tsv; s106/c-clock/f6-rt4.tsv + <capture>.meta.json t0_mono	
SEG|vendor|-|warm|kernel.nic	SEG	vendor kernel.nic	warm	board	0.811838,0.814798,0.813533,0.810057,0.813911	5	0.813533	0.810057	0.814798	0.833880	raw / median(r_K,r_N,r_W) of the f6-rt4 window holding t0_mono	0.004273	N	N	-	Y	-	Y	boot-timeline --retro on seating B's RAW stamps, median per group; unchanged	bench/2026-09-23/Z9-D2.tsv (seg records: M2-BOOT,V4-BOOT,V5-BOOT,V6-BOOT,V7-BOOT); s109/segtable.tsv; s106/c-clock/f6-rt4.tsv + <capture>.meta.json t0_mono	
SEG|vendor|-|warm|kernel.late	SEG	vendor kernel.late	warm	board	0.947985,0.951517,0.948988,0.945917,0.950098	5	0.948988	0.945917	0.951517	0.973590	raw / median(r_K,r_N,r_W) of the f6-rt4 window holding t0_mono	0.003236	N	N	-	Y	-	Y	boot-timeline --retro on seating B's RAW stamps, median per group; unchanged	bench/2026-09-23/Z9-D2.tsv (seg records: M2-BOOT,V4-BOOT,V5-BOOT,V6-BOOT,V7-BOOT); s109/segtable.tsv; s106/c-clock/f6-rt4.tsv + <capture>.meta.json t0_mono	
SEG|vendor|-|warm|kernel.total	SEG	vendor kernel.total	warm	board	6.912024,6.893352,6.923251,6.894522,6.925221	5	6.912024	6.893352	6.925221	7.096403	raw / median(r_K,r_N,r_W) of the f6-rt4 window holding t0_mono	0.002701	N	N	-	Y	-	Y	boot-timeline --retro on seating B's RAW stamps, median per group; unchanged	bench/2026-09-23/Z9-D2.tsv (seg records: M2-BOOT,V4-BOOT,V5-BOOT,V6-BOOT,V7-BOOT); s109/segtable.tsv; s106/c-clock/f6-rt4.tsv + <capture>.meta.json t0_mono	
SEG|vendor|-|warm|user.ready	SEG	vendor user.ready	warm	board	18.095810,17.406208,18.249218,18.250475,18.267388	5	18.249218	17.406208	18.267388	18.705636	raw / median(r_K,r_N,r_W) of the f6-rt4 window holding t0_mono	0.046194	N	N	-	Y	-	Y	boot-timeline --retro on seating B's RAW stamps, median per group; unchanged	bench/2026-09-23/Z9-D2.tsv (seg records: M2-BOOT,V4-BOOT,V5-BOOT,V6-BOOT,V7-BOOT); s109/segtable.tsv; s106/c-clock/f6-rt4.tsv + <capture>.meta.json t0_mono	
SEG|vendor|-|warm|boot.jump_to_ready	SEG	vendor boot.jump_to_ready	warm	board	26.057378,25.339388,26.215816,26.191747,26.237552	5	26.191747	25.339388	26.237552	26.855067	raw / median(r_K,r_N,r_W) of the f6-rt4 window holding t0_mono	0.032543	N	N	-	Y	-	Y	boot-timeline --retro on seating B's RAW stamps, median per group; unchanged	bench/2026-09-23/Z9-D2.tsv (seg records: M2-BOOT,V4-BOOT,V5-BOOT,V6-BOOT,V7-BOOT); s109/segtable.tsv; s106/c-clock/f6-rt4.tsv + <capture>.meta.json t0_mono	
SEG|rlxfw|quiet|pooled|boot.jump_to_ready	SEG	rlxfw quiet boot.jump_to_ready, cold and warm pooled	pooled	board	10.642776,10.644789,10.644678,10.642587,10.540537,10.538511,10.524899,10.526669	8	10.591562	10.524899	10.644789	10.793760	raw / median(r_K,r_N,r_W) of the f6-rt4 window holding t0_mono	0.006294	N	N	-	Y	-	N	card B § 3.7 model table / § 3.4 pools cold and warm; unchanged	bench/2026-09-23/Z9-D2.tsv seg (P1Q-r01-boot,P1Q-r02-boot,P1Q-r03-boot,P1Q-r04-boot,P2Q-r01-boot,P2Q-r02-boot,P3Q-r01-boot,P3Q-r02-boot); notes/boot-time.md § 7.6; s109/arith2/a1.out N6 'pooled'	kept (A1 only): § 7.6 publishes J -> prompt p2q median 10.591562, 8 of 8; UNRESOLVED (load_bearing): N by the spec ('per firmware, variant and class'; card B § 3.10 puts cold and warm in separate tables) / Y by the closing rule's text, which names 'J -> prompt' (§ 7.6 publishes this pooled median, card B § 3.7's model table predicts it) beside 'a boot-timeline segment per firmware, variant and class' with no class. Stable Y, so a seating-B miss here either keeps P2 open or is carried forward: the owner decides before any seating-B value of it is read; COORDINATOR: R1 load_bearing N: DoD D3 puts cold and warm in separate tables with n, median and range per cell, so the rule names each quantity per class; a pooled or per-mode row is scored beside, rule (3)
SEG|rlxfw|loud|pooled|boot.jump_to_ready	SEG	rlxfw loud boot.jump_to_ready, cold and warm pooled	pooled	board	12.374537,12.361805,12.359429	3	12.361805	12.359429	12.374537	12.536056	raw / median(r_K,r_N,r_W) of the f6-rt4 window holding t0_mono	0.001030	N	N	-	Y	-	N	card B § 3.7 model table / § 3.4 pools cold and warm; unchanged	bench/2026-09-23/Z9-D2.tsv seg (P1L-r01-boot,P1L-r02-boot,P1L-r03-boot); notes/boot-time.md § 7.6; s109/arith2/a1.out N6 'pooled'	kept (A1 only): § 7.6 publishes J -> prompt p2l median 12.361805, 3 of 3; UNRESOLVED (load_bearing): N by the spec ('per firmware, variant and class'; card B § 3.10 puts cold and warm in separate tables) / Y by the closing rule's text, which names 'J -> prompt' (§ 7.6, card B § 3.7's model table) beside 'a boot-timeline segment per firmware, variant and class' with no class. Stable Y, so a seating-B miss here either keeps P2 open or is carried forward: the owner decides before any seating-B value of it is read; COORDINATOR: R1 load_bearing N: DoD D3 puts cold and warm in separate tables with n, median and range per cell, so the rule names each quantity per class; a pooled or per-mode row is scored beside, rule (3)
SEG|rlxfw|quiet|pooled|kernel.total	SEG	rlxfw quiet kernel.total, cold and warm pooled	pooled	board	9.313596,9.314367,9.313921,9.314436,9.224204,9.220552,9.210790,9.212211	8	9.268900	9.210790	9.314436	9.445436	raw / median(r_K,r_N,r_W) of the f6-rt4 window holding t0_mono	0.006269	N	N	-	Y	-	N	card B § 3.7 model table / § 3.4 pools cold and warm; unchanged	bench/2026-09-23/Z9-D2.tsv seg (P1Q-r01-boot,P1Q-r02-boot,P1Q-r03-boot,P1Q-r04-boot,P2Q-r01-boot,P2Q-r02-boot,P3Q-r01-boot,P3Q-r02-boot); notes/boot-time.md § 7.6; s109/arith2/a1.out N6 'pooled'	kept (A1 only): card B § 3.7's model table quotes this pooled population (p2q kernel.total)
SEG|rlxfw|loud|pooled|kernel.total	SEG	rlxfw loud kernel.total, cold and warm pooled	pooled	board	11.011379,11.002774,11.001176	3	11.002774	11.001176	11.011379	11.157868	raw / median(r_K,r_N,r_W) of the f6-rt4 window holding t0_mono	0.000782	N	N	-	Y	-	N	card B § 3.7 model table / § 3.4 pools cold and warm; unchanged	bench/2026-09-23/Z9-D2.tsv seg (P1L-r01-boot,P1L-r02-boot,P1L-r03-boot); notes/boot-time.md § 7.6; s109/arith2/a1.out N6 'pooled'	kept (A1 only): § 7.6 publishes it as D7's loud term (11.002774, all three loud boots)
SEG|rlxfw|quiet|pooled|user.ready	SEG	rlxfw quiet user.ready, cold and warm pooled	pooled	board	0.114218,0.114490,0.115006,0.114354,0.113928,0.113162,0.112829,0.112057	8	0.114073	0.112057	0.115006	0.115963	raw / median(r_K,r_N,r_W) of the f6-rt4 window holding t0_mono	0.017673	N	N	-	Y	-	N	card B § 3.7 model table / § 3.4 pools cold and warm; unchanged	bench/2026-09-23/Z9-D2.tsv seg (P1Q-r01-boot,P1Q-r02-boot,P1Q-r03-boot,P1Q-r04-boot,P2Q-r01-boot,P2Q-r02-boot,P3Q-r01-boot,P3Q-r02-boot); notes/boot-time.md § 7.6; s109/arith2/a1.out N6 'pooled'	kept (A1 only): card B § 3.7's model table quotes this pooled population (p2q user.ready)
SEG|vendor|-|pooled|kernel.total	SEG	vendor kernel.total, cold and warm pooled	pooled	board	6.984448,6.912024,6.942336,6.942731,6.987898,6.893352,6.923251,6.894522,6.925221	9	6.925221	6.893352	6.987898	7.097777	raw / median(r_K,r_N,r_W) of the f6-rt4 window holding t0_mono	0.009051	N	N	-	Y	-	N	card B § 3.7 model table / § 3.4 pools cold and warm; unchanged	bench/2026-09-23/Z9-D2.tsv seg (M1-BOOT,M2-BOOT,V1-BOOT,V2-BOOT,V3-BOOT,V4-BOOT,V5-BOOT,V6-BOOT,V7-BOOT); notes/boot-time.md § 7.6; s109/arith2/a1.out N6 'pooled'	kept (A1 only): § 7.6 publishes the nine-boot population (9 of 9 inside f_A × 6.93-7.15)
SEG|vendor|-|pooled|boot.jump_to_ready	SEG	vendor boot.jump_to_ready, cold and warm pooled	pooled	board	26.175747,26.057378,26.309627,26.085752,26.258240,25.339388,26.215816,26.191747,26.237552	9	26.191747	25.339388	26.309627	26.855067	raw / median(r_K,r_N,r_W) of the f6-rt4 window holding t0_mono	0.032543	N	N	-	Y	-	N	card B § 3.7 model table / § 3.4 pools cold and warm; unchanged	bench/2026-09-23/Z9-D2.tsv seg (M1-BOOT,M2-BOOT,V1-BOOT,V2-BOOT,V3-BOOT,V4-BOOT,V5-BOOT,V6-BOOT,V7-BOOT); notes/boot-time.md § 7.6; s109/arith2/a1.out N6 'pooled'	kept (A1 only): § 7.6 publishes the vendor's J -> boa over nine boots; UNRESOLVED (load_bearing): N by the spec ('per firmware, variant and class'; card B § 3.10 puts cold and warm in separate tables) / Y by the closing rule's text, which names 'the vendor's J -> boa' (§ 7.6 publishes all nine) beside 'a boot-timeline segment per firmware, variant and class' with no class. Stable Y, so a seating-B miss here either keeps P2 open or is carried forward: the owner decides before any seating-B value of it is read; COORDINATOR: R1 load_bearing N: DoD D3 puts cold and warm in separate tables with n, median and range per cell, so the rule names each quantity per class; a pooled or per-mode row is scored beside, rule (3)
SEG+|J_first_read_minus_sent	SEG+	typed J: first read's arrival − sent_s (instrument)	pooled	host-timer	0.000073,0.000087,0.000085,0.000062,0.000061,0.000082,0.000082,0.000072,0.000080,0.000066,0.000070,0.000082,0.000064,0.000089,0.000063,0.000098,0.000081,0.000082,0.000140	19	0.000081	0.000061	0.000140	0.000081	face	0.728395	N	Y	-	N	spread 0.728395 >= 0.10; under20ms	N	card B: not named; console-capture 1.5 on RAW	bench/2026-09-23/<boot>.timing row 0 and meta sent_s (this script); added: § 7.6 prints +61…+140 µs [captures: P1L-r01-boot,P1L-r02-boot,P1L-r03-boot,P1Q-r01-boot,P1Q-r02-boot,P1Q-r03-boot,P1Q-r04-boot,P2Q-r01-boot,P2Q-r02-boot,P3Q-r01-boot,P3Q-r02-boot,V1-BOOT,V2-BOOT,V3-BOOT,V4-BOOT,V5-BOOT,V6-BOOT,V7-BOOT,M2-BOOT]	kept (A2 only): § 7.6 publishes +61...+140 us on all 19 boots with a send, a seating-A number no family covers (spec: add a row); N by under20ms
D2G|rlxfw-cold|loader.banner	D2G	loader.banner (Booting -> banner), D2 group rlxfw-cold	cold	board	0.586139,0.572666,0.570576	3	0.572666	0.570576	0.586139	0.586303	raw / r_best per catch (f5-best.tsv)	0.023527	N	N	-	Y	-	N	Z9-D2.tsv loader rows by card B § 3.1's group; unchanged	bench/2026-09-23/Z9-D2.tsv loader (P1-A,P2-A,P3-A); membership typed from card B § 3.1; s106/c-clock/f5-best.tsv | A2 id D2G|rlxfw|cold	
D2G|vendor-cold|loader.banner	D2G	loader.banner (Booting -> banner), D2 group vendor-cold	cold	board	0.573338,0.572912,0.573108	3	0.573108	0.572912	0.573338	0.586157	raw / r_best per catch (f5-best.tsv)	0.000401	N	N	-	Y	-	N	Z9-D2.tsv loader rows by card B § 3.1's group; unchanged	bench/2026-09-23/Z9-D2.tsv loader (V1-A,V2-A,V3-A); membership typed from card B § 3.1; s106/c-clock/f5-best.tsv | A2 id D2G|vendor|cold	
D2G|rlxfw-warm|loader.banner	D2G	loader.banner (Booting -> banner), D2 group rlxfw-warm	warm	board	0.588975,0.588883,0.587803,0.587734,0.589023,0.587553,0.582207,0.581185	8	0.587768	0.581185	0.589023	0.596032	raw / r_best per catch (f5-best.tsv)	0.011201	N	N	-	Y	-	N	Z9-D2.tsv loader rows by card B § 3.1's group; unchanged	bench/2026-09-23/Z9-D2.tsv loader (P1L-r02-rz,P1L-r03-rz,P1-RZ,P1Q-r02-rz,P1Q-r03-rz,P1Q-r04-rz,P2Q-r02-rz,P3Q-r02-rz); membership typed from card B § 3.1; s106/c-clock/f5-best.tsv | A2 id D2G|rlxfw|warm	
D2G|vendor-warm|loader.banner	D2G	loader.banner (Booting -> banner), D2 group vendor-warm	warm	board	0.578614,0.581304,0.582232,0.572747	4	0.579959	0.572747	0.582232	0.595841	raw / r_best per catch (f5-best.tsv)	0.012435	N	N	-	Y	-	N	Z9-D2.tsv loader rows by card B § 3.1's group; unchanged	bench/2026-09-23/Z9-D2.tsv loader (V4-WZ,V5-WZ,V6-WZ,V7-WZ); membership typed from card B § 3.1; s106/c-clock/f5-best.tsv | A2 id D2G|vendor|warm	
D2G|loader-only-cold|loader.banner	D2G	loader.banner (Booting -> banner), D2 group loader-only-cold	cold	board	0.572387,0.566361,0.573193,0.571129,0.572033	5	0.572033	0.566361	0.573193	0.586096	raw / r_best per catch (f5-best.tsv)	0.009916	N	N	-	Y	-	N	Z9-D2.tsv loader rows by card B § 3.1's group; unchanged	bench/2026-09-23/Z9-D2.tsv loader (V4-A,V5-A,V6-A,V7-A,M2-A); membership typed from card B § 3.1; s106/c-clock/f5-best.tsv | A2 id D2G|loader-only|cold	
D2G|M1-BOOT|loader.banner	D2G	loader.banner (Booting -> banner), D2 group M1-BOOT	listen	board	0.572643	1	0.572643	0.572643	0.572643	0.585572	raw / r_best per catch (f5-best.tsv)	0.000000	N	N	listed	N	listed	N	Z9-D2.tsv loader rows by card B § 3.1's group; unchanged	bench/2026-09-23/Z9-D2.tsv loader (M1-BOOT); membership typed from card B § 3.1; s106/c-clock/f5-best.tsv | A2 id D2G|M1|listen	
D2G|M2-BOOT|loader.banner	D2G	loader.banner (Booting -> banner), D2 group M2-BOOT	listen	board	0.580757	1	0.580757	0.580757	0.580757	0.596113	raw / r_best per catch (f5-best.tsv)	0.000000	N	N	listed	N	listed	N	Z9-D2.tsv loader rows by card B § 3.1's group; unchanged	bench/2026-09-23/Z9-D2.tsv loader (M2-BOOT); membership typed from card B § 3.1; s106/c-clock/f5-best.tsv | A2 id D2G|M2|listen	
D2D|warm:rlxfw-vendor	D2D	D2 difference of loader.banner group medians, rlxfw-warm minus vendor-warm	warm	board	0.007810	1	0.007810	0.007810	0.007810	0.000191	difference of r_best-corrected group medians	0.000000	N	Y	-	N	under20ms	N	Z9-D2A/Z9-D2X, the 105th segment's script; unchanged	bench/2026-09-23/Z9-D2.tsv loader; s106/c-clock/f5-best.tsv; notes/boot-time.md § 7.1 | A2 id D2D|warm|rlxfw-vendor	exact difference of the two medians (v_seg.out) rounds to A2's value under half-up and half-even alike; A1's is a binary-float truncation - A2
D2D|cold:rlxfw-vendor	D2D	D2 difference of loader.banner group medians, rlxfw-cold minus vendor-cold	cold	board	-0.000442	1	-0.000442	-0.000442	-0.000442	0.000146	difference of r_best-corrected group medians	0.000000	N	Y	-	N	under20ms	N	Z9-D2A/Z9-D2X, the 105th segment's script; unchanged	bench/2026-09-23/Z9-D2.tsv loader; s106/c-clock/f5-best.tsv; notes/boot-time.md § 7.1 | A2 id D2D|cold|rlxfw-vendor	
D2D|M1-rlxfw_cold	D2D	D2 difference of loader.banner group medians, M1-BOOT minus rlxfw-cold	listen	board	-0.000023	1	-0.000023	-0.000023	-0.000023	-0.000731	difference of r_best-corrected group medians	0.000000	N	Y	listed	N	listed; under20ms	N	Z9-D2A/Z9-D2X, the 105th segment's script; unchanged	bench/2026-09-23/Z9-D2.tsv loader; s106/c-clock/f5-best.tsv; notes/boot-time.md § 7.1	
D2D|M1-vendor_cold	D2D	D2 difference of loader.banner group medians, M1-BOOT minus vendor-cold	listen	board	-0.000465	1	-0.000465	-0.000465	-0.000465	-0.000585	difference of r_best-corrected group medians	0.000000	N	Y	listed	N	listed; under20ms	N	Z9-D2A/Z9-D2X, the 105th segment's script; unchanged	bench/2026-09-23/Z9-D2.tsv loader; s106/c-clock/f5-best.tsv; notes/boot-time.md § 7.1	
D2D|M2-rlxfw_warm	D2D	D2 difference of loader.banner group medians, M2-BOOT minus rlxfw-warm	listen	board	-0.007012	1	-0.007012	-0.007012	-0.007012	0.000080	difference of r_best-corrected group medians	0.000000	N	Y	listed	N	listed; under20ms	N	Z9-D2A/Z9-D2X, the 105th segment's script; unchanged	bench/2026-09-23/Z9-D2.tsv loader; s106/c-clock/f5-best.tsv; notes/boot-time.md § 7.1	exact difference of the two medians (v_seg.out) rounds to A2's value under half-up and half-even alike; A1's is a binary-float truncation - A2
D2D|M2-vendor_warm	D2D	D2 difference of loader.banner group medians, M2-BOOT minus vendor-warm	listen	board	0.000798	1	0.000798	0.000798	0.000798	0.000272	difference of r_best-corrected group medians	0.000000	N	Y	listed	N	listed; under20ms	N	Z9-D2A/Z9-D2X, the 105th segment's script; unchanged	bench/2026-09-23/Z9-D2.tsv loader; s106/c-clock/f5-best.tsv; notes/boot-time.md § 7.1	
D7|delta	D7	kernel.total loud minus quiet, press-1 medians	pooled	board	1.688630	1	1.688630	1.688630	1.688630	1.712433	each boot / its f6 window r (all seven 0.98610), then medians	0.000000	N	N	-	Y	-	Y	card B § 3.3: press-1 medians, same form; unchanged	bench/2026-09-23/Z9-D2.tsv seg kernel.total (P1L-r01-boot,P1L-r02-boot,P1L-r03-boot,P1Q-r01-boot,P1Q-r02-boot,P1Q-r03-boot,P1Q-r04-boot); s106/c-clock/f6-rt4.tsv	class pooled: Δ is of press-1 medians; the loud one pools P1L-r01 (cold) with P1L-r02, r03 (warm), the quiet one is P1Q-r01..r04 (all warm), per Z9-D2.tsv's kboot classes - A2
D7|rate_pct3840	D7	implied console rate f*dB/delta as % of 3,840 B/s (f = own warm loader.booting median / 0.353718)	pooled	board	88.324507	1	88.324507	88.324507	88.324507	89.237208	f from r_best-corrected warm median 0.355963, delta corrected	0.000000	N	N	-	Y	-	N	card B § 3.3 f_B*dB/delta with seating B's own warm median; unchanged in form	Z9-D2.tsv; P1L-r01-boot/P1Q-r01-boot .meta.json bytes; s106/c-clock/f5-best.tsv; 0.353718 typed (card B § 3.0) | A2 id D7|rate_pct	same number: A2's 88.325/89.237 are the 3-dp roundings (§ 7.6, card B § 3.3) of A1's 88.324507/89.237208 = f·5,831/Δ/3,840; A1's precision kept; class pooled (A2); under20ms N (a %, not a time)
D8|nic|loud|cold	D8	rlxfw loud J -> NIC probe (lm nic)	cold	board	7.893691	1	7.893691	7.893691	7.893691	8.004960	raw / f6 window r (a1.out N9's r)	0.000000	N	N	-	Y	-	N	card B § 3.4: board part from Z9-D2 landmarks and FW-35 arrival; unchanged	s109/arith2/a1.out N9 (P1L-r01-boot); own FW-35 read of the .log/.timing; class from Z9-D2.tsv kboot	
D8|ndopen|loud|cold	D8	rlxfw loud J -> RLXFW-N-NDOPEN first byte (FW-35)	cold	board	12.343919	1	12.343919	12.343919	12.343919	12.517918	raw / f6 window r (a1.out N9's r)	0.000000	N	N	-	Y	-	Y	card B § 3.4: board part from Z9-D2 landmarks and FW-35 arrival; unchanged	s109/arith2/a1.out N9 (P1L-r01-boot); own FW-35 read of the .log/.timing; class from Z9-D2.tsv kboot	
D8|nic2ndopen|loud|cold	D8	rlxfw loud NIC probe -> RLXFW-N-NDOPEN	cold	board	4.450228	1	4.450228	4.450228	4.450228	4.512958	raw / f6 window r (a1.out N9's r)	0.000000	N	N	-	Y	-	N	card B § 3.4: board part from Z9-D2 landmarks and FW-35 arrival; unchanged	s109/arith2/a1.out N9 (P1L-r01-boot); own FW-35 read of the .log/.timing; class from Z9-D2.tsv kboot	
D8|lanup|loud|cold	D8	rlxfw loud J -> 'rlxfw: lan up' first byte (FW-35)	cold	board	12.350177	1	12.350177	12.350177	12.350177	12.524264	raw / f6 window r	0.000000	N	N	-	Y	-	N	not scored by card B; boot-timeline/FW-35 would read it the same way	own FW-35 read of bench/2026-09-23/<boot>.log/.timing; notes § 7.3 publishes J+10.61-10.62	
D8|nic|loud|pooled	D8	rlxfw loud J -> NIC probe (lm nic)	pooled	board	7.893691,7.882315,7.880481	3	7.882315	7.880481	7.893691	7.993424	raw / f6 window r (a1.out N9's r)	0.001443	N	N	-	Y	-	N	card B § 3.4: board part from Z9-D2 landmarks and FW-35 arrival; unchanged	s109/arith2/a1.out N9 (P1L-r01-boot,P1L-r02-boot,P1L-r03-boot); own FW-35 read of the .log/.timing; class from Z9-D2.tsv kboot	kept (A1 only): card B § 3.4's table predicts J -> NIC for the 3 loud boots pooled
D8|ndopen|loud|pooled	D8	rlxfw loud J -> RLXFW-N-NDOPEN first byte (FW-35)	pooled	board	12.343919,12.331174,12.328916	3	12.331174	12.328916	12.343919	12.504993	raw / f6 window r (a1.out N9's r)	0.001034	N	N	-	Y	-	N	card B § 3.4: board part from Z9-D2 landmarks and FW-35 arrival; unchanged	s109/arith2/a1.out N9 (P1L-r01-boot,P1L-r02-boot,P1L-r03-boot); own FW-35 read of the .log/.timing; class from Z9-D2.tsv kboot	kept (A1 only): card B § 3.4's table predicts J -> N-NDOPEN for the 3 loud boots pooled; UNRESOLVED (load_bearing): N by the spec ('per firmware, variant and class'; card B § 3.10 puts cold and warm in separate tables) / Y by the closing rule's text, which names 'rlxfw's J -> N-NDOPEN' (card B § 3.4's table predicts the 3 loud boots pooled) beside 'a boot-timeline segment per firmware, variant and class' with no class. Stable Y, so a seating-B miss here either keeps P2 open or is carried forward: the owner decides before any seating-B value of it is read; COORDINATOR: R1 load_bearing N: DoD D3 puts cold and warm in separate tables with n, median and range per cell, so the rule names each quantity per class; a pooled or per-mode row is scored beside, rule (3)
D8|nic2ndopen|loud|pooled	D8	rlxfw loud NIC probe -> RLXFW-N-NDOPEN	pooled	board	4.450228,4.448859,4.448435	3	4.448859	4.448435	4.450228	4.511570	raw / f6 window r (a1.out N9's r)	0.000308	N	N	-	Y	-	N	card B § 3.4: board part from Z9-D2 landmarks and FW-35 arrival; unchanged	s109/arith2/a1.out N9 (P1L-r01-boot,P1L-r02-boot,P1L-r03-boot); own FW-35 read of the .log/.timing; class from Z9-D2.tsv kboot	kept (A1 only): § 7.3 publishes the loud image's NIC -> N-NDOPEN (NIC+4.45 s)
D8|lanup|loud|pooled	D8	rlxfw loud J -> 'rlxfw: lan up' first byte (FW-35)	pooled	board	12.350177,12.336896,12.335162	3	12.336896	12.335162	12.350177	12.510796	raw / f6 window r	0.001077	N	N	-	Y	-	N	not scored by card B; boot-timeline/FW-35 would read it the same way	own FW-35 read of bench/2026-09-23/<boot>.log/.timing; notes § 7.3 publishes J+10.61-10.62	kept (A1 only): extra beside the per-class lan-up rows both builders added (§ 7.3 publishes lan up)
D8|nic|loud|warm	D8	rlxfw loud J -> NIC probe (lm nic)	warm	board	7.882315,7.880481	2	7.881398	7.880481	7.882315	7.992494	raw / f6 window r (a1.out N9's r)	0.000116	N	N	-	Y	-	N	card B § 3.4: board part from Z9-D2 landmarks and FW-35 arrival; unchanged	s109/arith2/a1.out N9 (P1L-r02-boot,P1L-r03-boot); own FW-35 read of the .log/.timing; class from Z9-D2.tsv kboot	
D8|ndopen|loud|warm	D8	rlxfw loud J -> RLXFW-N-NDOPEN first byte (FW-35)	warm	board	12.331174,12.328916	2	12.330045	12.328916	12.331174	12.503849	raw / f6 window r (a1.out N9's r)	0.000092	N	N	-	Y	-	Y	card B § 3.4: board part from Z9-D2 landmarks and FW-35 arrival; unchanged	s109/arith2/a1.out N9 (P1L-r02-boot,P1L-r03-boot); own FW-35 read of the .log/.timing; class from Z9-D2.tsv kboot	
D8|nic2ndopen|loud|warm	D8	rlxfw loud NIC probe -> RLXFW-N-NDOPEN	warm	board	4.448859,4.448435	2	4.448647	4.448435	4.448859	4.511355	raw / f6 window r (a1.out N9's r)	0.000048	N	N	-	Y	-	N	card B § 3.4: board part from Z9-D2 landmarks and FW-35 arrival; unchanged	s109/arith2/a1.out N9 (P1L-r02-boot,P1L-r03-boot); own FW-35 read of the .log/.timing; class from Z9-D2.tsv kboot	
D8|lanup|loud|warm	D8	rlxfw loud J -> 'rlxfw: lan up' first byte (FW-35)	warm	board	12.336896,12.335162	2	12.336029	12.335162	12.336896	12.509917	raw / f6 window r	0.000070	N	N	-	Y	-	N	not scored by card B; boot-timeline/FW-35 would read it the same way	own FW-35 read of bench/2026-09-23/<boot>.log/.timing; notes § 7.3 publishes J+10.61-10.62	
D8|nic|quiet|cold	D8	rlxfw quiet J -> NIC probe (lm nic)	cold	board	6.493759,6.485560	2	6.489660	6.485560	6.493759	6.657101	raw / f6 window r (a1.out N9's r)	0.000632	N	N	-	Y	-	N	card B § 3.4: board part from Z9-D2 landmarks and FW-35 arrival; unchanged	s109/arith2/a1.out N9 (P2Q-r01-boot,P3Q-r01-boot); own FW-35 read of the .log/.timing; class from Z9-D2.tsv kboot	
D8|ndopen|quiet|cold	D8	rlxfw quiet J -> RLXFW-N-NDOPEN first byte (FW-35)	cold	board	10.510271,10.495623	2	10.502947	10.495623	10.510271	10.773935	raw / f6 window r (a1.out N9's r)	0.000697	N	N	-	Y	-	Y	card B § 3.4: board part from Z9-D2 landmarks and FW-35 arrival; unchanged	s109/arith2/a1.out N9 (P2Q-r01-boot,P3Q-r01-boot); own FW-35 read of the .log/.timing; class from Z9-D2.tsv kboot	
D8|nic2ndopen|quiet|cold	D8	rlxfw quiet NIC probe -> RLXFW-N-NDOPEN	cold	board	4.016512,4.010063	2	4.013287	4.010063	4.016512	4.116834	raw / f6 window r (a1.out N9's r)	0.000803	N	N	-	Y	-	N	card B § 3.4: board part from Z9-D2 landmarks and FW-35 arrival; unchanged	s109/arith2/a1.out N9 (P2Q-r01-boot,P3Q-r01-boot); own FW-35 read of the .log/.timing; class from Z9-D2.tsv kboot	
D8|lanup|quiet|cold	D8	rlxfw quiet J -> 'rlxfw: lan up' first byte (FW-35)	cold	board	10.516285,10.501622	2	10.508954	10.501622	10.516285	10.780097	raw / f6 window r	0.000698	N	N	-	Y	-	N	not scored by card B; boot-timeline/FW-35 would read it the same way	own FW-35 read of bench/2026-09-23/<boot>.log/.timing; notes § 7.3 publishes J+10.61-10.62	
D8|nic|quiet|pooled	D8	rlxfw quiet J -> NIC probe (lm nic)	pooled	board	6.558851,6.560418,6.559575,6.558718,6.493759,6.495971,6.485560,6.487425	8	6.527344	6.485560	6.560418	6.651671	raw / f6 window r (a1.out N9's r)	0.006401	N	N	-	Y	-	N	card B § 3.4: board part from Z9-D2 landmarks and FW-35 arrival; unchanged	s109/arith2/a1.out N9 (P1Q-r01-boot,P1Q-r02-boot,P1Q-r03-boot,P1Q-r04-boot,P2Q-r01-boot,P2Q-r02-boot,P3Q-r01-boot,P3Q-r02-boot); own FW-35 read of the .log/.timing; class from Z9-D2.tsv kboot	kept (A1 only): card B § 3.4's table predicts J -> NIC for the 8 quiet boots pooled
D8|ndopen|quiet|pooled	D8	rlxfw quiet J -> RLXFW-N-NDOPEN first byte (FW-35)	pooled	board	10.613132,10.615253,10.614174,10.612012,10.510271,10.509285,10.495623,10.497374	8	10.561141	10.495623	10.615253	10.763262	raw / f6 window r (a1.out N9's r)	0.006204	N	N	-	Y	-	N	card B § 3.4: board part from Z9-D2 landmarks and FW-35 arrival; unchanged	s109/arith2/a1.out N9 (P1Q-r01-boot,P1Q-r02-boot,P1Q-r03-boot,P1Q-r04-boot,P2Q-r01-boot,P2Q-r02-boot,P3Q-r01-boot,P3Q-r02-boot); own FW-35 read of the .log/.timing; class from Z9-D2.tsv kboot	kept (A1 only): card B § 3.4's table predicts J -> N-NDOPEN for the 8 quiet boots pooled; UNRESOLVED (load_bearing): N by the spec ('per firmware, variant and class'; card B § 3.10 puts cold and warm in separate tables) / Y by the closing rule's text, which names 'rlxfw's J -> N-NDOPEN' (card B § 3.4's table predicts the 8 quiet boots pooled) beside 'a boot-timeline segment per firmware, variant and class' with no class. Stable Y, so a seating-B miss here either keeps P2 open or is carried forward: the owner decides before any seating-B value of it is read; COORDINATOR: R1 load_bearing N: DoD D3 puts cold and warm in separate tables with n, median and range per cell, so the rule names each quantity per class; a pooled or per-mode row is scored beside, rule (3)
D8|nic2ndopen|quiet|pooled	D8	rlxfw quiet NIC probe -> RLXFW-N-NDOPEN	pooled	board	4.054281,4.054835,4.054599,4.053294,4.016512,4.013314,4.010063,4.009949	8	4.034903	4.009949	4.054835	4.111872	raw / f6 window r (a1.out N9's r)	0.006185	N	N	-	Y	-	N	card B § 3.4: board part from Z9-D2 landmarks and FW-35 arrival; unchanged	s109/arith2/a1.out N9 (P1Q-r01-boot,P1Q-r02-boot,P1Q-r03-boot,P1Q-r04-boot,P2Q-r01-boot,P2Q-r02-boot,P3Q-r01-boot,P3Q-r02-boot); own FW-35 read of the .log/.timing; class from Z9-D2.tsv kboot	kept (A1 only): § 7.3 publishes the quiet image's NIC -> N-NDOPEN (NIC+4.01-4.05 s)
D8|lanup|quiet|pooled	D8	rlxfw quiet J -> 'rlxfw: lan up' first byte (FW-35)	pooled	board	10.619097,10.620817,10.620344,10.618082,10.516285,10.515012,10.501622,10.503272	8	10.567183	10.501622	10.620817	10.769415	raw / f6 window r	0.006204	N	N	-	Y	-	N	not scored by card B; boot-timeline/FW-35 would read it the same way	own FW-35 read of bench/2026-09-23/<boot>.log/.timing; notes § 7.3 publishes J+10.61-10.62	kept (A1 only): extra beside the per-class lan-up rows both builders added (§ 7.3 publishes lan up)
D8|nic|quiet|warm	D8	rlxfw quiet J -> NIC probe (lm nic)	warm	board	6.558851,6.560418,6.559575,6.558718,6.495971,6.487425	6	6.558784	6.487425	6.560418	6.651671	raw / f6 window r (a1.out N9's r)	0.010880	N	N	-	Y	-	N	card B § 3.4: board part from Z9-D2 landmarks and FW-35 arrival; unchanged	s109/arith2/a1.out N9 (P1Q-r01-boot,P1Q-r02-boot,P1Q-r03-boot,P1Q-r04-boot,P2Q-r02-boot,P3Q-r02-boot); own FW-35 read of the .log/.timing; class from Z9-D2.tsv kboot	
D8|ndopen|quiet|warm	D8	rlxfw quiet J -> RLXFW-N-NDOPEN first byte (FW-35)	warm	board	10.613132,10.615253,10.614174,10.612012,10.509285,10.497374	6	10.612572	10.497374	10.615253	10.763262	raw / f6 window r (a1.out N9's r)	0.010855	N	N	-	Y	-	Y	card B § 3.4: board part from Z9-D2 landmarks and FW-35 arrival; unchanged	s109/arith2/a1.out N9 (P1Q-r01-boot,P1Q-r02-boot,P1Q-r03-boot,P1Q-r04-boot,P2Q-r02-boot,P3Q-r02-boot); own FW-35 read of the .log/.timing; class from Z9-D2.tsv kboot	
D8|nic2ndopen|quiet|warm	D8	rlxfw quiet NIC probe -> RLXFW-N-NDOPEN	warm	board	4.054281,4.054835,4.054599,4.053294,4.013314,4.009949	6	4.053788	4.009949	4.054835	4.111591	raw / f6 window r (a1.out N9's r)	0.010814	N	N	-	Y	-	N	card B § 3.4: board part from Z9-D2 landmarks and FW-35 arrival; unchanged	s109/arith2/a1.out N9 (P1Q-r01-boot,P1Q-r02-boot,P1Q-r03-boot,P1Q-r04-boot,P2Q-r02-boot,P3Q-r02-boot); own FW-35 read of the .log/.timing; class from Z9-D2.tsv kboot	
D8|lanup|quiet|warm	D8	rlxfw quiet J -> 'rlxfw: lan up' first byte (FW-35)	warm	board	10.619097,10.620817,10.620344,10.618082,10.515012,10.503272	6	10.618589	10.503272	10.620817	10.769415	raw / f6 window r	0.010860	N	N	-	Y	-	N	not scored by card B; boot-timeline/FW-35 would read it the same way	own FW-35 read of bench/2026-09-23/<boot>.log/.timing; notes § 7.3 publishes J+10.61-10.62	
D8|reply|quiet|cold	D8	rlxfw quiet J -> first ICMP echo reply, probe read time	cold	mixed	10.714530	1	10.714530	10.714530	10.714530	10.869444	split (card B § 3.0 mixed, § 3.4): J->NIC / window r + (read - NIC) at face	0.000000	N	N	listed	N	listed	N	changed: card A stamped via ping -D realtime; card B reads hostprobe's RAW ledger. A_values are the ledger read times (already card B's rule)	bench/2026-09-23/P1-HP,P2-HP,P3-HP.events (probe ledger: reply read time; cycle opening = s106's send rule, the last icmp-silent seq=s-1); s106/n2-d4d8/loud.out (control); P2Q-r01-boot answered; no reply before reset: P3Q-r01-boot | A2 id D8|firstreply|quiet|cold	A_corr: card B § 3.0 carries a mixed interval by a split (board part J->NIC over its window r, host part at face, § 3.4's own decomposition), and the closing rule keeps card B § 3.10's (b) unchanged -> A1's split value; A2's face follows the spec, which contradicts the card here (spec problem)
D8|k|quiet|cold	D8	rlxfw quiet: the answered broadcast's place k in its ARP cycle	cold	exact	2	1	2	2	2	2	face	0.000000	N	N	-	exact	discrete k, predicted exactly by card B 3.4	N	changed: card A assumed k = 2; card B reconstructs k for any cycle (§ 3.4). A re-read: k = 1 + round((read - T1)/1.014)	bench/2026-09-23/P1-HP,P2-HP,P3-HP.events (probe ledger: reply read time; cycle opening = s106's send rule, the last icmp-silent seq=s-1); s106/n2-d4d8/loud.out (control); P2Q-r01-boot answered; no reply before reset: P3Q-r01-boot	under20ms '-' -> N: the spec's column is Y/N and its test applies only to time intervals; this row is not one; COORDINATOR: R3 exact: +/-10 % has no meaning on a discrete k; card B 3.4 predicts it and says a quiet k = 3 is a reading of the margin
D8|width|quiet|cold	D8	rlxfw quiet bracket width, card B's rule: #k - max(#k-1, N-NDOPEN), midpoint of the reconstructed range	cold	mixed	0.187804	1	0.187804	0.187804	0.187804	0.091986	split (card B § 3.0 mixed, § 3.4): #k - NIC at face, NIC->N-NDOPEN / window r	0.000000	N	N	-	Y	-	N	changed: lower edge = later of #k-1 and N-NDOPEN (card B § 3.4), not card A's cycle-opening send. A re-read by card B's rule; each broadcast at +1.000-1.028 s	bench/2026-09-23/P1-HP,P2-HP,P3-HP.events (probe ledger: reply read time; cycle opening = s106's send rule, the last icmp-silent seq=s-1); s106/n2-d4d8/loud.out (control); P2Q-r01-boot answered; no reply before reset: P3Q-r01-boot; ranges per boot: P2Q-r01[0.1738,0.2018]	values: card B § 3.4 reconstructs #k from the cycle's opening send + 1.000-1.028 s per broadcast, lower edge N-NDOPEN -> A1 (midpoint of each boot's 28 ms range); A2's #2 = reply read - 5.002 ms is not card B's reconstruction (A2's value lies inside A1's range on 6 of 7 boots, 4 ms above it on P1Q-r01); A_corr by the card's split (A1). Class checked at both ends of every range: unchanged. Residual: the card does not say which point of the range is the width; COORDINATOR: R6 kept stable (n 1): its (a) column is expected to miss, since seating A's raw carries the slow host clock on the board part (raw 0.187804 vs split-corrected 0.091986)
D8|reply|quiet|warm	D8	rlxfw quiet J -> first ICMP echo reply, probe read time	warm	mixed	10.787694,10.805508,10.776374,10.800540,10.712044,10.708183	6	10.782034	10.708183	10.805508	10.884176	split (card B § 3.0 mixed, § 3.4): J->NIC / window r + (read - NIC) at face	0.006849	N	N	listed	N	listed	N	changed: card A stamped via ping -D realtime; card B reads hostprobe's RAW ledger. A_values are the ledger read times (already card B's rule)	bench/2026-09-23/P1-HP,P2-HP,P3-HP.events (probe ledger: reply read time; cycle opening = s106's send rule, the last icmp-silent seq=s-1); s106/n2-d4d8/loud.out (control); P1Q-r01-boot,P1Q-r02-boot,P1Q-r03-boot,P1Q-r04-boot,P2Q-r02-boot,P3Q-r02-boot answered | A2 id D8|firstreply|quiet|warm	A_corr: card B § 3.0 carries a mixed interval by a split (board part J->NIC over its window r, host part at face, § 3.4's own decomposition), and the closing rule keeps card B § 3.10's (b) unchanged -> A1's split value; A2's face follows the spec, which contradicts the card here (spec problem)
D8|k|quiet|warm	D8	rlxfw quiet: the answered broadcast's place k in its ARP cycle	warm	exact	2,2,2,2,2,2	6	2	2	2	2	face	0.000000	N	N	-	exact	discrete k, predicted exactly by card B 3.4	N	changed: card A assumed k = 2; card B reconstructs k for any cycle (§ 3.4). A re-read: k = 1 + round((read - T1)/1.014)	bench/2026-09-23/P1-HP,P2-HP,P3-HP.events (probe ledger: reply read time; cycle opening = s106's send rule, the last icmp-silent seq=s-1); s106/n2-d4d8/loud.out (control); P1Q-r01-boot,P1Q-r02-boot,P1Q-r03-boot,P1Q-r04-boot,P2Q-r02-boot,P3Q-r02-boot answered	under20ms '-' -> N: the spec's column is Y/N and its test applies only to time intervals; this row is not one; COORDINATOR: R3 exact: +/-10 % has no meaning on a discrete k; card B 3.4 predicts it and says a quiet k = 3 is a reading of the margin
D8|width|quiet|warm	D8	rlxfw quiet bracket width, card B's rule: #k - max(#k-1, N-NDOPEN), midpoint of the reconstructed range	warm	mixed	0.151444,0.173853,0.144815,0.180637,0.201607,0.203034	6	0.177245	0.144815	0.203034	0.100081	split (card B § 3.0 mixed, § 3.4): #k - NIC at face, NIC->N-NDOPEN / window r	0.182967	N	N	-	N	spread 0.182967 >= 0.10	N	changed: lower edge = later of #k-1 and N-NDOPEN (card B § 3.4), not card A's cycle-opening send. A re-read by card B's rule; each broadcast at +1.000-1.028 s	bench/2026-09-23/P1-HP,P2-HP,P3-HP.events (probe ledger: reply read time; cycle opening = s106's send rule, the last icmp-silent seq=s-1); s106/n2-d4d8/loud.out (control); P1Q-r01-boot,P1Q-r02-boot,P1Q-r03-boot,P1Q-r04-boot,P2Q-r02-boot,P3Q-r02-boot answered; ranges per boot: P1Q-r01[0.1374,0.1654] P1Q-r02[0.1599,0.1879] P1Q-r03[0.1308,0.1588] P1Q-r04[0.1666,0.1946] P2Q-r02[0.1876,0.2156] P3Q-r02[0.1890,0.2170]	values: card B § 3.4 reconstructs #k from the cycle's opening send + 1.000-1.028 s per broadcast, lower edge N-NDOPEN -> A1 (midpoint of each boot's 28 ms range); A2's #2 = reply read - 5.002 ms is not card B's reconstruction (A2's value lies inside A1's range on 6 of 7 boots, 4 ms above it on P1Q-r01); A_corr by the card's split (A1). Class checked at both ends of every range: unchanged. Residual: the card does not say which point of the range is the width
D8|reply|quiet|pooled	D8	rlxfw quiet J -> first ICMP echo reply, probe read time	pooled	mixed	10.787694,10.805508,10.776374,10.800540,10.714530,10.712044,10.708183	7	10.776374	10.708183	10.805508	10.880147	split (card B § 3.0 mixed, § 3.4): J->NIC / window r + (read - NIC) at face	0.006328	N	N	listed	N	listed	N	changed: card A stamped via ping -D realtime; card B reads hostprobe's RAW ledger. A_values are the ledger read times (already card B's rule)	bench/2026-09-23/P1-HP,P2-HP,P3-HP.events (probe ledger: reply read time; cycle opening = s106's send rule, the last icmp-silent seq=s-1); s106/n2-d4d8/loud.out (control); P1Q-r01-boot,P1Q-r02-boot,P1Q-r03-boot,P1Q-r04-boot,P2Q-r01-boot,P2Q-r02-boot,P3Q-r02-boot answered; no reply before reset: P3Q-r01-boot	kept (A1 only): card B § 3.4's table predicts the 8 quiet boots' first reply pooled; listed
D8|k|quiet|pooled	D8	rlxfw quiet: the answered broadcast's place k in its ARP cycle	pooled	exact	2,2,2,2,2,2,2	7	2	2	2	2	face	0.000000	N	N	-	exact	discrete k, predicted exactly by card B 3.4	N	changed: card A assumed k = 2; card B reconstructs k for any cycle (§ 3.4). A re-read: k = 1 + round((read - T1)/1.014)	bench/2026-09-23/P1-HP,P2-HP,P3-HP.events (probe ledger: reply read time; cycle opening = s106's send rule, the last icmp-silent seq=s-1); s106/n2-d4d8/loud.out (control); P1Q-r01-boot,P1Q-r02-boot,P1Q-r03-boot,P1Q-r04-boot,P2Q-r01-boot,P2Q-r02-boot,P3Q-r02-boot answered; no reply before reset: P3Q-r01-boot	kept (A1 only): card B § 3.4's table predicts k for the 8 quiet boots pooled; under20ms '-' -> N (spec vocabulary Y/N; not a time interval); COORDINATOR: R3 exact: +/-10 % has no meaning on a discrete k; card B 3.4 predicts it and says a quiet k = 3 is a reading of the margin
D8|width|quiet|pooled	D8	rlxfw quiet bracket width, card B's rule: #k - max(#k-1, N-NDOPEN), midpoint of the reconstructed range	pooled	mixed	0.151444,0.173853,0.144815,0.180637,0.187804,0.201607,0.203034	7	0.180637	0.144815	0.203034	0.094295	split (card B § 3.0 mixed, § 3.4): #k - NIC at face, NIC->N-NDOPEN / window r	0.198309	N	N	-	N	spread 0.198309 >= 0.10	N	changed: lower edge = later of #k-1 and N-NDOPEN (card B § 3.4), not card A's cycle-opening send. A re-read by card B's rule; each broadcast at +1.000-1.028 s	bench/2026-09-23/P1-HP,P2-HP,P3-HP.events (probe ledger: reply read time; cycle opening = s106's send rule, the last icmp-silent seq=s-1); s106/n2-d4d8/loud.out (control); P1Q-r01-boot,P1Q-r02-boot,P1Q-r03-boot,P1Q-r04-boot,P2Q-r01-boot,P2Q-r02-boot,P3Q-r02-boot answered; no reply before reset: P3Q-r01-boot; ranges per boot: P1Q-r01[0.1374,0.1654] P1Q-r02[0.1599,0.1879] P1Q-r03[0.1308,0.1588] P1Q-r04[0.1666,0.1946] P2Q-r01[0.1738,0.2018] P2Q-r02[0.1876,0.2156] P3Q-r02[0.1890,0.2170]	kept (A1 only): card B § 3.4's table predicts the quiet bracket pooled; A1's reconstruction, as the per-class rows
D8|reply|loud|cold	D8	rlxfw loud J -> first ICMP echo reply	cold	mixed	-	0	-	-	-	-	-	-	-	-	listed	none	no seating-A value by card B's rule: seating A's loud image has no reply in any round (P1L-r01-boot reset 0.189-0.221 s after the prompt, notes § 7.3); a first reading	N	changed: card B holds each round 2.5 s past the prompt (looprun S9)	s106/n2-d4d8/loud.out; notes/boot-time.md § 7.3 | A2 id D8|firstreply|loud|cold	
D8|k|loud|cold	D8	rlxfw loud answered broadcast's place k	cold	clock-free	-	0	-	-	-	-	-	-	-	-	-	none	no seating-A value by card B's rule: seating A's loud image has no reply in any round (P1L-r01-boot reset 0.189-0.221 s after the prompt, notes § 7.3); a first reading	N	changed: card B holds each round 2.5 s past the prompt (looprun S9)	s106/n2-d4d8/loud.out; notes/boot-time.md § 7.3	
D8|width|loud|cold	D8	rlxfw loud bracket width	cold	mixed	-	0	-	-	-	-	-	-	-	-	-	none	no seating-A value by card B's rule: seating A's loud image has no reply in any round (P1L-r01-boot reset 0.189-0.221 s after the prompt, notes § 7.3); a first reading	N	changed: card B holds each round 2.5 s past the prompt (looprun S9)	s106/n2-d4d8/loud.out; notes/boot-time.md § 7.3	
D8|reply|loud|warm	D8	rlxfw loud J -> first ICMP echo reply	warm	mixed	-	0	-	-	-	-	-	-	-	-	listed	none	no seating-A value by card B's rule: seating A's loud image has no reply in any round (P1L-r02-boot,P1L-r03-boot reset 0.189-0.221 s after the prompt, notes § 7.3); a first reading	N	changed: card B holds each round 2.5 s past the prompt (looprun S9)	s106/n2-d4d8/loud.out; notes/boot-time.md § 7.3 | A2 id D8|firstreply|loud|warm	
D8|k|loud|warm	D8	rlxfw loud answered broadcast's place k	warm	clock-free	-	0	-	-	-	-	-	-	-	-	-	none	no seating-A value by card B's rule: seating A's loud image has no reply in any round (P1L-r02-boot,P1L-r03-boot reset 0.189-0.221 s after the prompt, notes § 7.3); a first reading	N	changed: card B holds each round 2.5 s past the prompt (looprun S9)	s106/n2-d4d8/loud.out; notes/boot-time.md § 7.3	
D8|width|loud|warm	D8	rlxfw loud bracket width	warm	mixed	-	0	-	-	-	-	-	-	-	-	-	none	no seating-A value by card B's rule: seating A's loud image has no reply in any round (P1L-r02-boot,P1L-r03-boot reset 0.189-0.221 s after the prompt, notes § 7.3); a first reading	N	changed: card B holds each round 2.5 s past the prompt (looprun S9)	s106/n2-d4d8/loud.out; notes/boot-time.md § 7.3	
D8|reply|loud|pooled	D8	rlxfw loud J -> first ICMP echo reply	pooled	mixed	-	0	-	-	-	-	-	-	-	-	listed	none	no seating-A value by card B's rule: seating A's loud image has no reply in any round (P1L-r01-boot,P1L-r02-boot,P1L-r03-boot reset 0.189-0.221 s after the prompt, notes § 7.3); a first reading	N	changed: card B holds each round 2.5 s past the prompt (looprun S9)	s106/n2-d4d8/loud.out; notes/boot-time.md § 7.3	kept (A1 only): card B § 3.4 predicts it; no seating-A reading (§ 7.3)
D8|k|loud|pooled	D8	rlxfw loud answered broadcast's place k	pooled	clock-free	-	0	-	-	-	-	-	-	-	-	-	none	no seating-A value by card B's rule: seating A's loud image has no reply in any round (P1L-r01-boot,P1L-r02-boot,P1L-r03-boot reset 0.189-0.221 s after the prompt, notes § 7.3); a first reading	N	changed: card B holds each round 2.5 s past the prompt (looprun S9)	s106/n2-d4d8/loud.out; notes/boot-time.md § 7.3	kept (A1 only): card B § 3.4 predicts k = 3; no seating-A reading
D8|width|loud|pooled	D8	rlxfw loud bracket width	pooled	mixed	-	0	-	-	-	-	-	-	-	-	-	none	no seating-A value by card B's rule: seating A's loud image has no reply in any round (P1L-r01-boot,P1L-r02-boot,P1L-r03-boot reset 0.189-0.221 s after the prompt, notes § 7.3); a first reading	N	changed: card B holds each round 2.5 s past the prompt (looprun S9)	s106/n2-d4d8/loud.out; notes/boot-time.md § 7.3	kept (A1 only): card B § 3.4 predicts it; no seating-A reading
D8|offset|read	D8	channel offset t_udp(probe read) - t_console(byte 66, FW-35), OFF02-OFF15, s	-	mixed	0.000089,0.000091,-0.000207,0.000106,0.000307,-0.000074,0.000494,0.000364,0.000323,0.000169,0.000099,0.000195,-0.000019,0.000053	14	0.000103	-0.000207	0.000494	0.000103	face	3.823648	Y	Y	-	N	spread 3.823648 >= 0.10; contains0; under20ms	N	card B § 3.4: card A's fifteen P1-OFF cells and test; unchanged	bench/2026-09-23/P1-OFF01..15.log/.timing/.meta.json (byte 66, FW-35) and P1-OFF-HP.events; OFF01 excluded as card A/B do (OFF02-OFF15, n 14) | comparer: us exact 88.578,90.902,-206.519,105.952,306.902,-74.345,494.448,364.045,322.678,168.642,99.058,194.533,-18.606,52.599	third computation (v_off*.py, exact decimals, t0_real as its stored double; console = FW-35 arrival of byte 66): seconds to 6 dp as the brief's convention says (A1 printed us); A1's and A2's per-offset values each differ from it by up to 0.2 us; read-stamp median 102.505 us -> 0.000103 s; A2's 0.000102 is the median of values it had already rounded to 1 us
D8|offset|kernel	D8	channel offset t_udp(kernel receive via the capture's own real/mono pair) - t_console, s	-	mixed	-0.000024,-0.000044,-0.000521,-0.000052,0.000209,-0.000221,0.000376,0.000198,0.000196,-0.000091,0.000005,0.000099,-0.000174,-0.000189	14	-0.000034	-0.000521	0.000376	-0.000034	face	14.345275	Y	Y	-	N	spread 14.345275 >= 0.10; contains0; under20ms	N	card B § 3.4: hostprobe 1.3's t - lag_ms/1000 on RAW replaces the real/mono conversion; same quantity	bench/2026-09-23/P1-OFF01..15.log/.timing/.meta.json (byte 66, FW-35) and P1-OFF-HP.events; OFF01 excluded as card A/B do (OFF02-OFF15, n 14) | comparer: us exact -23.511,-44.352,-520.691,-51.522,209.460,-220.597,375.719,197.719,196.399,-90.621,4.770,98.944,-174.412,-189.091	third computation (v_off*.py, exact decimals, t0_real as its stored double; console = FW-35 arrival of byte 66): seconds to 6 dp as the brief's convention says (A1 printed us); A1's and A2's per-offset values each differ from it by up to 0.2 us
D8|offsetrange|read	D8	range of the 14 read-stamp offsets (stability test <= 260.4 us), s	-	mixed	0.000701	1	0.000701	0.000701	0.000701	0.000701	face	0.000000	N	Y	-	N	under20ms	N	unchanged	bench/2026-09-23/P1-OFF01..15.log/.timing/.meta.json (byte 66, FW-35) and P1-OFF-HP.events; OFF01 excluded as card A/B do (OFF02-OFF15, n 14); notes § 7.3 701.0 us (control) | comparer: range 700.967 us exact | A2 id D8|offset_range|read	read-stamp range 700.967 us, as both builders and § 7.3 (701.0); only the unit differed: seconds to 6 dp per the brief (A2)
D8|offsetrange|kernel	D8	range of the 14 kernel-stamp offsets, s	-	mixed	0.000896	1	0.000896	0.000896	0.000896	0.000896	face	0.000000	N	Y	-	N	under20ms	N	changed in conversion only (RAW ledger)	bench/2026-09-23/P1-OFF01..15.log/.timing/.meta.json (byte 66, FW-35) and P1-OFF-HP.events; OFF01 excluded as card A/B do (OFF02-OFF15, n 14); notes § 7.3 896.6 us (control) | comparer: range 896.410 us exact | A2 id D8|offset_range|kernel	kernel-stamp range re-computed 896.410 us (896.369 with t0_real's text): A2's 896.4 confirmed; A1's 896.6 reproduces notes § 7.3, which is 0.2 us high; 6-dp seconds 0.000896
D8|vendor|reply|cold	D8	vendor J -> first ICMP echo reply, probe read time	cold	mixed	14.540642,14.985655,15.649922	3	14.985655	14.540642	15.649922	14.985655	face	0.044327	N	N	listed	N	listed	N	changed: probe RAW ledger instead of ping -D realtime; A_values are ledger read times (card B's rule)	s106/n2-d4d8/vendor-d4.tsv, vendor-d8.tsv, vendor-cycles.tsv; s109/arith2/a1.out N10 (V1,V2,V3) | A2 id D8|vendor|firstreply|cold	
D8|vendor|ntp|cold	D8	vendor J -> 'Start NTP daemon' line (the ARP-onset proxy)	cold	board	14.575531,14.534235,14.685102	3	14.575531	14.534235	14.685102	14.901882	raw / f6 window r (a1.out N10)	0.007517	N	N	-	Y	-	N	card B § 3.4: the line's FW-35 arrival from J; unchanged	s106/n2-d4d8/vendor-d4.tsv, vendor-d8.tsv, vendor-cycles.tsv; s109/arith2/a1.out N10 (V1,V2,V3)	
D8|vendor|k|cold	D8	vendor answered broadcast's place k in its ARP cycle	cold	clock-free	3,1,1	3	1	1	3	1	face	2.000000	N	N	-	N	spread 2.000000 >= 0.10	N	card B § 3.4 general rule (any k), as s106 already read the vendor; unchanged	s106/n2-d4d8/vendor-d4.tsv, vendor-d8.tsv, vendor-cycles.tsv; s109/arith2/a1.out N10 (V1,V2,V3)	under20ms '-' -> N: the spec's column is Y/N and its test applies only to time intervals; this row is not one
D8|vendor|width|cold	D8	vendor bracket width #k - #k-1, card B's reconstruction (+1.000-1.028 s per broadcast), midpoint	cold	host-timer	1.014000,1.062070,1.097046	3	1.062070	1.014000	1.097046	1.062070	face	0.045261	N	N	-	N	reconstruction constant: card B 3.4 puts each broadcast +1.000-1.028 s after the last	N	changed: each broadcast at +1.000-1.028 s from the cycle's opening send (card B § 3.4); s106 used P3-TCPD's per-gap calibration and the failure read. A re-read by card B's rule	s106/n2-d4d8/vendor-d4.tsv, vendor-d8.tsv, vendor-cycles.tsv; s109/arith2/a1.out N10 (V1,V2,V3); ranges V1[1.0000,1.0280] V2[1.0341,1.0901] V3[1.0690,1.1250]	values: card B § 3.4's rule, +1.000-1.028 s per broadcast from the cycle's opening send, midpoint -> A1; A2's are the 106th segment's narrow estimates (per-gap P3-TCPD calibration anchored on the failure read) = seating A's published rule, not card B's, and the closing rule re-reads seating A by card B's rule. Class the same under both. Residual: card B's own prediction table (k = 3: 1.020-1.028 s; k = 1: 1.055-1.105 s) uses the 106th segment's figures, not its stated rule; COORDINATOR: R4 N: for k >= 2 the width is fixed by the reconstruction rule and cannot fail; a number that cannot fail is not a reproduction
D4|p80|cold	D4	vendor J -> first tcp:80 result=ok (probe read time)	cold	board	26.269813,26.069638,26.274753	3	26.269813	26.069638	26.274753	26.858003	raw / f6 window r (a1.out N10)	0.007620	N	N	-	Y	-	Y	card B § 3.6: first tcp result=ok on 80 from V*-HP/M*-HP; the probe now also connects to 52869/52881 (declared difference); rule unchanged	s106/n2-d4d8/vendor-d4.tsv, vendor-d8.tsv, vendor-cycles.tsv; s109/arith2/a1.out N10 (V1,V2,V3)	
D4|ok-line|cold	D4	vendor first tcp:80 ok minus 'boa: starting server' line	cold	mixed	-0.039814,-0.016114,0.016513	3	-0.016114	-0.039814	0.016513	-0.016114	face (card B's split not computable: the listen instant is 推)	2.024761	Y	Y	-	N	spread 2.024761 >= 0.10; contains0; under20ms	N	card B § 3.6 (+/-0.14 s either side); unchanged	s106/n2-d4d8/vendor-d4.tsv, vendor-d8.tsv, vendor-cycles.tsv; s109/arith2/a1.out N10 (V1,V2,V3) | A2 id D4|okline|cold	kind mixed: ok - line holds a board part (boa listens 0.111-0.127 s before its line, card B § 3.9 (ii)) and a host-timer part (the probe's 0.2 s connect phase) - card B § 3.0's mixed; A1's whole-interval board correction rejected. The card's split needs the listen instant, which seating A did not measure (推), so A_corr is face (A2) and is not card B's (b). Values at 6 dp (A2); each is within 0.1 ms of vendor-d4.tsv's 4-dp value (ROUNDING control). N by contains0 under every reading
D8|vendor|reply|warm	D8	vendor J -> first ICMP echo reply, probe read time	warm	mixed	14.490329,14.512320,14.497358,15.585497	4	14.504839	14.490329	15.585497	14.504839	face	0.074503	N	N	listed	N	listed	N	changed: probe RAW ledger instead of ping -D realtime; A_values are ledger read times (card B's rule)	s106/n2-d4d8/vendor-d4.tsv, vendor-d8.tsv, vendor-cycles.tsv; s109/arith2/a1.out N10 (V4,V5,V6,V7) | A2 id D8|vendor|firstreply|warm	
D8|vendor|ntp|warm	D8	vendor J -> 'Start NTP daemon' line (the ARP-onset proxy)	warm	board	14.565043,14.525125,14.474872,14.634926	4	14.545084	14.474872	14.634926	14.903508	raw / f6 window r (a1.out N10)	0.006177	N	N	-	Y	-	N	card B § 3.4: the line's FW-35 arrival from J; unchanged	s106/n2-d4d8/vendor-d4.tsv, vendor-d8.tsv, vendor-cycles.tsv; s109/arith2/a1.out N10 (V4,V5,V6,V7)	
D8|vendor|k|warm	D8	vendor answered broadcast's place k in its ARP cycle	warm	clock-free	3,3,3,1	4	3	1	3	3	face	0.666667	N	N	-	N	spread 0.666667 >= 0.10	N	card B § 3.4 general rule (any k), as s106 already read the vendor; unchanged	s106/n2-d4d8/vendor-d4.tsv, vendor-d8.tsv, vendor-cycles.tsv; s109/arith2/a1.out N10 (V4,V5,V6,V7)	under20ms '-' -> N: the spec's column is Y/N and its test applies only to time intervals; this row is not one
D8|vendor|width|warm	D8	vendor bracket width #k - #k-1, card B's reconstruction (+1.000-1.028 s per broadcast), midpoint	warm	host-timer	1.014000,1.014000,1.014000,1.056148	4	1.014000	1.014000	1.056148	1.014000	face	0.041566	N	N	-	N	reconstruction constant: card B 3.4 puts each broadcast +1.000-1.028 s after the last	N	changed: each broadcast at +1.000-1.028 s from the cycle's opening send (card B § 3.4); s106 used P3-TCPD's per-gap calibration and the failure read. A re-read by card B's rule	s106/n2-d4d8/vendor-d4.tsv, vendor-d8.tsv, vendor-cycles.tsv; s109/arith2/a1.out N10 (V4,V5,V6,V7); ranges V4[1.0000,1.0280] V5[1.0000,1.0280] V6[1.0000,1.0280] V7[1.0281,1.0841]	values: card B § 3.4's rule, +1.000-1.028 s per broadcast from the cycle's opening send, midpoint -> A1; A2's are the 106th segment's narrow estimates (per-gap P3-TCPD calibration anchored on the failure read) = seating A's published rule, not card B's, and the closing rule re-reads seating A by card B's rule. Class the same under both. Residual: card B's own prediction table (k = 3: 1.020-1.028 s; k = 1: 1.055-1.105 s) uses the 106th segment's figures, not its stated rule; COORDINATOR: R4 N: for k >= 2 the width is fixed by the reconstruction rule and cannot fail; a number that cannot fail is not a reproduction
D4|p80|warm	D4	vendor J -> first tcp:80 result=ok (probe read time)	warm	board	25.249568,26.257654,26.058182,26.243317	4	26.150749	25.249568	26.257654	26.816242	raw / f6 window r (a1.out N10)	0.034461	N	N	-	Y	-	Y	card B § 3.6: first tcp result=ok on 80 from V*-HP/M*-HP; the probe now also connects to 52869/52881 (declared difference); rule unchanged	s106/n2-d4d8/vendor-d4.tsv, vendor-d8.tsv, vendor-cycles.tsv; s109/arith2/a1.out N10 (V4,V5,V6,V7)	
D4|ok-line|warm	D4	vendor first tcp:80 ok minus 'boa: starting server' line	warm	mixed	-0.089820,0.041838,-0.133565,0.005765	4	-0.042028	-0.133565	0.041838	-0.042028	face (card B's split not computable: the listen instant is 推)	2.178038	Y	N	-	N	spread 2.178038 >= 0.10; contains0	N	card B § 3.6 (+/-0.14 s either side); unchanged	s106/n2-d4d8/vendor-d4.tsv, vendor-d8.tsv, vendor-cycles.tsv; s109/arith2/a1.out N10 (V4,V5,V6,V7) | A2 id D4|okline|warm	kind mixed: ok - line holds a board part (boa listens 0.111-0.127 s before its line, card B § 3.9 (ii)) and a host-timer part (the probe's 0.2 s connect phase) - card B § 3.0's mixed; A1's whole-interval board correction rejected. The card's split needs the listen instant, which seating A did not measure (推), so A_corr is face (A2) and is not card B's (b). Values at 6 dp (A2); each is within 0.1 ms of vendor-d4.tsv's 4-dp value (ROUNDING control). N by contains0 under every reading
D8|vendor|reply|listen-M1	D8	vendor J -> first ICMP echo reply, probe read time	listen	mixed	15.636799	1	15.636799	15.636799	15.636799	15.636799	face	0.000000	N	N	listed	N	listed	N	changed: probe RAW ledger instead of ping -D realtime; A_values are ledger read times (card B's rule)	s106/n2-d4d8/vendor-d4.tsv, vendor-d8.tsv, vendor-cycles.tsv; s109/arith2/a1.out N10 (M1) | A2 id D8|vendor|firstreply|M1	
D8|vendor|ntp|listen-M1	D8	vendor J -> 'Start NTP daemon' line (the ARP-onset proxy)	listen	board	14.666099	1	14.666099	14.666099	14.666099	15.012897	raw / f6 window r (a1.out N10)	0.000000	N	N	listed	N	listed	N	card B § 3.4: the line's FW-35 arrival from J; unchanged	s106/n2-d4d8/vendor-d4.tsv, vendor-d8.tsv, vendor-cycles.tsv; s109/arith2/a1.out N10 (M1) | A2 id D8|vendor|ntp|M1	
D8|vendor|k|listen-M1	D8	vendor answered broadcast's place k in its ARP cycle	listen	clock-free	1	1	1	1	1	1	face	0.000000	N	N	listed	N	listed	N	card B § 3.4 general rule (any k), as s106 already read the vendor; unchanged	s106/n2-d4d8/vendor-d4.tsv, vendor-d8.tsv, vendor-cycles.tsv; s109/arith2/a1.out N10 (M1) | A2 id D8|vendor|k|M1	under20ms '-' -> N: the spec's column is Y/N and its test applies only to time intervals; this row is not one
D8|vendor|width|listen-M1	D8	vendor bracket width #k - #k-1, card B's reconstruction (+1.000-1.028 s per broadcast), midpoint	listen	host-timer	1.083690	1	1.083690	1.083690	1.083690	1.083690	face	0.000000	N	N	listed	N	listed	N	changed: each broadcast at +1.000-1.028 s from the cycle's opening send (card B § 3.4); s106 used P3-TCPD's per-gap calibration and the failure read. A re-read by card B's rule	s106/n2-d4d8/vendor-d4.tsv, vendor-d8.tsv, vendor-cycles.tsv; s109/arith2/a1.out N10 (M1); ranges M1[1.0557,1.1117] | A2 id D8|vendor|width|M1	values: card B § 3.4's rule, +1.000-1.028 s per broadcast from the cycle's opening send, midpoint -> A1; A2's are the 106th segment's narrow estimates (per-gap P3-TCPD calibration anchored on the failure read) = seating A's published rule, not card B's, and the closing rule re-reads seating A by card B's rule. Class the same under both. Residual: card B's own prediction table (k = 3: 1.020-1.028 s; k = 1: 1.055-1.105 s) uses the 106th segment's figures, not its stated rule
D4|p80|listen-M1	D4	vendor J -> first tcp:80 result=ok (probe read time)	listen	board	26.058069	1	26.058069	26.058069	26.058069	26.674244	raw / f6 window r (a1.out N10)	0.000000	N	N	listed	N	listed	Y	card B § 3.6: first tcp result=ok on 80 from V*-HP/M*-HP; the probe now also connects to 52869/52881 (declared difference); rule unchanged	s106/n2-d4d8/vendor-d4.tsv, vendor-d8.tsv, vendor-cycles.tsv; s109/arith2/a1.out N10 (M1) | A2 id D4|p80|M1	
D4|ok-line|listen-M1	D4	vendor first tcp:80 ok minus 'boa: starting server' line	listen	mixed	-0.117678	1	-0.117678	-0.117678	-0.117678	-0.117678	face (card B's split not computable: the listen instant is 推)	0.000000	N	N	listed	N	listed	N	card B § 3.6 (+/-0.14 s either side); unchanged	s106/n2-d4d8/vendor-d4.tsv, vendor-d8.tsv, vendor-cycles.tsv; s109/arith2/a1.out N10 (M1) | A2 id D4|okline|M1	kind mixed: ok - line holds a board part (boa listens 0.111-0.127 s before its line, card B § 3.9 (ii)) and a host-timer part (the probe's 0.2 s connect phase) - card B § 3.0's mixed; A1's whole-interval board correction rejected. The card's split needs the listen instant, which seating A did not measure (推), so A_corr is face (A2) and is not card B's (b). Values at 6 dp (A2); each is within 0.1 ms of vendor-d4.tsv's 4-dp value (ROUNDING control). N by contains0 under every reading
D8|vendor|reply|listen-M2	D8	vendor J -> first ICMP echo reply, probe read time	listen	mixed	14.530736	1	14.530736	14.530736	14.530736	14.530736	face	0.000000	N	N	listed	N	listed	N	changed: probe RAW ledger instead of ping -D realtime; A_values are ledger read times (card B's rule)	s106/n2-d4d8/vendor-d4.tsv, vendor-d8.tsv, vendor-cycles.tsv; s109/arith2/a1.out N10 (M2) | A2 id D8|vendor|firstreply|M2	
D8|vendor|ntp|listen-M2	D8	vendor J -> 'Start NTP daemon' line (the ARP-onset proxy)	listen	board	14.512260	1	14.512260	14.512260	14.512260	14.904242	raw / f6 window r (a1.out N10)	0.000000	N	N	listed	N	listed	N	card B § 3.4: the line's FW-35 arrival from J; unchanged	s106/n2-d4d8/vendor-d4.tsv, vendor-d8.tsv, vendor-cycles.tsv; s109/arith2/a1.out N10 (M2) | A2 id D8|vendor|ntp|M2	
D8|vendor|k|listen-M2	D8	vendor answered broadcast's place k in its ARP cycle	listen	clock-free	3	1	3	3	3	3	face	0.000000	N	N	listed	N	listed	N	card B § 3.4 general rule (any k), as s106 already read the vendor; unchanged	s106/n2-d4d8/vendor-d4.tsv, vendor-d8.tsv, vendor-cycles.tsv; s109/arith2/a1.out N10 (M2) | A2 id D8|vendor|k|M2	under20ms '-' -> N: the spec's column is Y/N and its test applies only to time intervals; this row is not one
D8|vendor|width|listen-M2	D8	vendor bracket width #k - #k-1, card B's reconstruction (+1.000-1.028 s per broadcast), midpoint	listen	host-timer	1.014000	1	1.014000	1.014000	1.014000	1.014000	face	0.000000	N	N	listed	N	listed	N	changed: each broadcast at +1.000-1.028 s from the cycle's opening send (card B § 3.4); s106 used P3-TCPD's per-gap calibration and the failure read. A re-read by card B's rule	s106/n2-d4d8/vendor-d4.tsv, vendor-d8.tsv, vendor-cycles.tsv; s109/arith2/a1.out N10 (M2); ranges M2[1.0000,1.0280] | A2 id D8|vendor|width|M2	values: card B § 3.4's rule, +1.000-1.028 s per broadcast from the cycle's opening send, midpoint -> A1; A2's are the 106th segment's narrow estimates (per-gap P3-TCPD calibration anchored on the failure read) = seating A's published rule, not card B's, and the closing rule re-reads seating A by card B's rule. Class the same under both. Residual: card B's own prediction table (k = 3: 1.020-1.028 s; k = 1: 1.055-1.105 s) uses the 106th segment's figures, not its stated rule
D4|p80|listen-M2	D4	vendor J -> first tcp:80 result=ok (probe read time)	listen	board	26.109674	1	26.109674	26.109674	26.109674	26.814906	raw / f6 window r (a1.out N10)	0.000000	N	N	listed	N	listed	Y	card B § 3.6: first tcp result=ok on 80 from V*-HP/M*-HP; the probe now also connects to 52869/52881 (declared difference); rule unchanged	s106/n2-d4d8/vendor-d4.tsv, vendor-d8.tsv, vendor-cycles.tsv; s109/arith2/a1.out N10 (M2) | A2 id D4|p80|M2	
D4|ok-line|listen-M2	D4	vendor first tcp:80 ok minus 'boa: starting server' line	listen	mixed	0.052296	1	0.052296	0.052296	0.052296	0.052296	face (card B's split not computable: the listen instant is 推)	0.000000	N	N	listed	N	listed	N	card B § 3.6 (+/-0.14 s either side); unchanged	s106/n2-d4d8/vendor-d4.tsv, vendor-d8.tsv, vendor-cycles.tsv; s109/arith2/a1.out N10 (M2) | A2 id D4|okline|M2	kind mixed: ok - line holds a board part (boa listens 0.111-0.127 s before its line, card B § 3.9 (ii)) and a host-timer part (the probe's 0.2 s connect phase) - card B § 3.0's mixed; A1's whole-interval board correction rejected. The card's split needs the listen instant, which seating A did not measure (推), so A_corr is face (A2) and is not card B's (b). Values at 6 dp (A2); each is within 0.1 ms of vendor-d4.tsv's 4-dp value (ROUNDING control). N by contains0 under every reading
D8|vendor|reply|pooled	D8	vendor J -> first ICMP echo reply, probe read time	pooled	mixed	14.540642,14.985655,15.649922,14.490329,14.512320,14.497358,15.585497,15.636799,14.530736	9	14.540642	14.490329	15.649922	14.540642	face	0.076288	N	N	listed	N	listed	N	changed: probe RAW ledger instead of ping -D realtime; A_values are ledger read times (card B's rule)	s106/n2-d4d8/vendor-d4.tsv, vendor-d8.tsv, vendor-cycles.tsv; s109/arith2/a1.out N10 (V1,V2,V3,V4,V5,V6,V7,M1,M2)	kept (A1 only): § 7.7 publishes the nine boots' first reply; listed
D8|vendor|ntp|pooled	D8	vendor J -> 'Start NTP daemon' line (the ARP-onset proxy)	pooled	board	14.575531,14.534235,14.685102,14.565043,14.525125,14.474872,14.634926,14.666099,14.512260	9	14.565043	14.474872	14.685102	14.904242	raw / f6 window r (a1.out N10)	0.008243	N	N	-	Y	-	N	card B § 3.4: the line's FW-35 arrival from J; unchanged	s106/n2-d4d8/vendor-d4.tsv, vendor-d8.tsv, vendor-cycles.tsv; s109/arith2/a1.out N10 (V1,V2,V3,V4,V5,V6,V7,M1,M2)	kept (A1 only): card B § 3.4's table predicts the nine boots pooled
D8|vendor|k|pooled	D8	vendor answered broadcast's place k in its ARP cycle	pooled	clock-free	3,1,1,3,3,3,1,1,3	9	3	1	3	3	face	0.666667	N	N	-	N	spread 0.666667 >= 0.10	N	card B § 3.4 general rule (any k), as s106 already read the vendor; unchanged	s106/n2-d4d8/vendor-d4.tsv, vendor-d8.tsv, vendor-cycles.tsv; s109/arith2/a1.out N10 (V1,V2,V3,V4,V5,V6,V7,M1,M2)	kept (A1 only): § 7.7 publishes k over the nine boots; under20ms '-' -> N (spec vocabulary Y/N; not a time interval)
D8|vendor|width|pooled	D8	vendor bracket width #k - #k-1, card B's reconstruction (+1.000-1.028 s per broadcast), midpoint	pooled	host-timer	1.014000,1.062070,1.097046,1.014000,1.014000,1.014000,1.056148,1.083690,1.014000	9	1.014000	1.014000	1.097046	1.014000	face	0.081899	N	N	-	N	reconstruction constant: card B 3.4 puts each broadcast +1.000-1.028 s after the last	N	changed: each broadcast at +1.000-1.028 s from the cycle's opening send (card B § 3.4); s106 used P3-TCPD's per-gap calibration and the failure read. A re-read by card B's rule	s106/n2-d4d8/vendor-d4.tsv, vendor-d8.tsv, vendor-cycles.tsv; s109/arith2/a1.out N10 (V1,V2,V3,V4,V5,V6,V7,M1,M2); ranges V1[1.0000,1.0280] V2[1.0341,1.0901] V3[1.0690,1.1250] V4[1.0000,1.0280] V5[1.0000,1.0280] V6[1.0000,1.0280] V7[1.0281,1.0841] M1[1.0557,1.1117] M2[1.0000,1.0280]	kept (A1 only): § 7.7 publishes the nine brackets; values by card B's rule as the per-class rows (VWIDTH); COORDINATOR: R4 N: for k >= 2 the width is fixed by the reconstruction rule and cannot fail; a number that cannot fail is not a reproduction
D4|p80|pooled	D4	vendor J -> first tcp:80 result=ok (probe read time)	pooled	board	26.269813,26.069638,26.274753,25.249568,26.257654,26.058182,26.243317,26.058069,26.109674	9	26.109674	25.249568	26.274753	26.814906	raw / f6 window r (a1.out N10)	0.032942	N	N	-	Y	-	N	card B § 3.6: first tcp result=ok on 80 from V*-HP/M*-HP; the probe now also connects to 52869/52881 (declared difference); rule unchanged	s106/n2-d4d8/vendor-d4.tsv, vendor-d8.tsv, vendor-cycles.tsv; s109/arith2/a1.out N10 (V1,V2,V3,V4,V5,V6,V7,M1,M2)	kept (A1 only): § 7.5 publishes all nine; card B § 3.6 predicts it; UNRESOLVED (load_bearing): N by the spec ('per firmware, variant and class'; card B § 3.10 puts cold and warm in separate tables) / Y by the closing rule's text, which names 'the vendor's port-80 readiness from J' (§ 7.5 publishes all nine) beside 'a boot-timeline segment per firmware, variant and class' with no class. Stable Y, so a seating-B miss here either keeps P2 open or is carried forward: the owner decides before any seating-B value of it is read; COORDINATOR: R1 load_bearing N: DoD D3 puts cold and warm in separate tables with n, median and range per cell, so the rule names each quantity per class; a pooled or per-mode row is scored beside, rule (3)
D4|ok-line|pooled	D4	vendor first tcp:80 ok minus 'boa: starting server' line	pooled	mixed	-0.039814,-0.016114,0.016513,-0.089820,0.041838,-0.133565,0.005765,-0.117678,0.052296	9	-0.016114	-0.133565	0.052296	-0.016114	face (card B's split not computable: the listen instant is 推)	7.288755	Y	Y	-	N	spread 7.288755 >= 0.10; contains0; under20ms	N	card B § 3.6 (+/-0.14 s either side); unchanged	s106/n2-d4d8/vendor-d4.tsv, vendor-d8.tsv, vendor-cycles.tsv; s109/arith2/a1.out N10 (V1,V2,V3,V4,V5,V6,V7,M1,M2)	kept (A1 only): § 7.5 publishes the nine ('all nine within 0.134 s'); as the per-class ok-line rows (OKLINE): kind mixed, A2's 6-dp values of the nine boots pooled, face
D4|p80|mode-slow	D4	vendor J -> first tcp:80 ok, boots whose WSC->Register step takes >= 1 s	pooled	board	26.269813,26.069638,26.274753,26.257654,26.058182,26.243317,26.058069,26.109674	8	26.176496	26.058069	26.274753	26.836455	raw / f6 window r (a1.out N10)	0.004524	N	N	-	Y	-	N	card B § 3.6 splits 80 by the fast step; unchanged	s106/n2-d4d8/vendor-d4.tsv, vendor-d8.tsv, vendor-cycles.tsv; s109/arith2/a1.out N10 (V1,V2,V3,V5,V6,V7,M1,M2)	kept (A1 only): card B § 3.6 predicts the first ok per WSC-step mode; UNRESOLVED (load_bearing): N by the spec ('per firmware, variant and class'; card B § 3.10 puts cold and warm in separate tables) / Y by the closing rule's text, which names 'the vendor's port-80 readiness from J' (card B § 3.6 predicts it per WSC-step mode) beside 'a boot-timeline segment per firmware, variant and class' with no class. Stable Y, so a seating-B miss here either keeps P2 open or is carried forward: the owner decides before any seating-B value of it is read; COORDINATOR: R1 load_bearing N: DoD D3 puts cold and warm in separate tables with n, median and range per cell, so the rule names each quantity per class; a pooled or per-mode row is scored beside, rule (3)
D4|p80|mode-fast	D4	vendor J -> first tcp:80 ok, boots whose WSC->Register step takes < 0.2 s	pooled	board	25.249568	1	25.249568	25.249568	25.249568	25.862509	raw / f6 window r (a1.out N10)	0.000000	N	N	-	Y	-	N	card B § 3.6 splits 80 by the fast step; unchanged	s106/n2-d4d8/vendor-d4.tsv, vendor-d8.tsv, vendor-cycles.tsv; s109/arith2/a1.out N10 (V4)	kept (A1 only): card B § 3.6 predicts the first ok per WSC-step mode (V4); UNRESOLVED (load_bearing): N by the spec ('per firmware, variant and class'; card B § 3.10 puts cold and warm in separate tables) / Y by the closing rule's text, which names 'the vendor's port-80 readiness from J' (card B § 3.6 predicts it per WSC-step mode) beside 'a boot-timeline segment per firmware, variant and class' with no class. Stable Y, so a seating-B miss here either keeps P2 open or is carried forward: the owner decides before any seating-B value of it is read; COORDINATOR: R1 load_bearing N: DoD D3 puts cold and warm in separate tables with n, median and range per cell, so the rule names each quantity per class; a pooled or per-mode row is scored beside, rule (3)
D4|reply-to-p80|pooled	D4	vendor first ICMP reply -> first tcp:80 ok (the reply precedes it)	pooled	mixed	11.729171,11.083983,10.624831,10.759239,11.745334,11.560824,10.657820,10.421270,11.578938	9	11.083983	10.421270	11.745334	11.083983	face	0.059790	N	N	-	Y	-	N	card B § 3.6 10.4-12.2 s; unchanged	s106/n2-d4d8/vendor-d4.tsv, vendor-d8.tsv, vendor-cycles.tsv; s109/arith2/a1.out N10 (V1-V7,M1,M2)	kept (A1 only): § 7.5 publishes it (10.42-11.75 s, 9 of 9) and card B § 3.6 predicts it
D4|V1-NMAP|open	D4	vendor open TCP ports (connect scan, all 65,535)	-	exact	{80,52869,52881}	1	-	-	-	-	-	-	-	-	-	exact	exact (card B § 3.2): not a D3 number	N	card B § 3.6 predicts 80, 52869, 52881 open	bench/2026-09-23/V1-NMAP.log	UNRESOLVED (class, a label; stable unaffected): A1 cold (the scan ran in V1, a cold boot) / A2 '-' (no class dimension; both builders give P1-NMAP '-'); the spec lists both values and does not say whether a scan carries its boot's class; COORDINATOR: R5 class -: a port scan is not a boot interval
D4|V1-NMAP|closed	D4	vendor closed TCP ports	-	clock-free	65381	1	65381	65381	65381	65381	face	0.000000	N	N	listed	N	listed	N	unchanged; card B § 3.6: not predicted	bench/2026-09-23/V1-NMAP.log	UNRESOLVED (class, a label; stable unaffected): A1 cold (the scan ran in V1, a cold boot) / A2 '-' (no class dimension; both builders give P1-NMAP '-'); the spec lists both values and does not say whether a scan carries its boot's class; under20ms '-' -> N: the spec's column is Y/N and its test applies only to time intervals; this row is not one; COORDINATOR: R5 class -: a port scan is not a boot interval
D4|V1-NMAP|filtered	D4	vendor filtered TCP ports	-	clock-free	151	1	151	151	151	151	face	0.000000	N	N	listed	N	listed	N	unchanged; card B § 3.6: not predicted	bench/2026-09-23/V1-NMAP.log	UNRESOLVED (class, a label; stable unaffected): A1 cold (the scan ran in V1, a cold boot) / A2 '-' (no class dimension; both builders give P1-NMAP '-'); the spec lists both values and does not say whether a scan carries its boot's class; under20ms '-' -> N: the spec's column is Y/N and its test applies only to time intervals; this row is not one; COORDINATOR: R5 class -: a port scan is not a boot interval
D4|P1-NMAP|open	D4	rlxfw open TCP ports	-	exact	{}	1	-	-	-	-	-	-	-	-	-	exact	exact (card B § 3.2): not a D3 number	N	card B § 3.6 predicts no TCP port open	bench/2026-09-23/P1-NMAP.log	
D4|P1-NMAP|closed	D4	rlxfw closed TCP ports	-	clock-free	58989	1	58989	58989	58989	58989	face	0.000000	N	N	listed	N	listed	N	unchanged; loss-driven (NET-112), not predicted	bench/2026-09-23/P1-NMAP.log	under20ms '-' -> N: the spec's column is Y/N and its test applies only to time intervals; this row is not one
D4|P1-NMAP|filtered	D4	rlxfw filtered TCP ports	-	clock-free	6546	1	6546	6546	6546	6546	face	0.000000	N	N	listed	N	listed	N	unchanged; loss-driven (NET-112), not predicted	bench/2026-09-23/P1-NMAP.log	under20ms '-' -> N: the spec's column is Y/N and its test applies only to time intervals; this row is not one
D4|P1-PS|set	D4	rlxfw process list	-	exact	{/bin/sh;[kthreadd];[ksoftirqd/0];[events/0];[khelper];[async/mgr];[kblockd/0];[pdflush];[kswapd0];[mtdblockd];[kpktgend_0];ps}	1	-	-	-	-	-	-	-	-	-	exact	exact (card B § 3.2): not a D3 number	N	card B § 3.6: /bin/sh, the kernel threads and ps	bench/2026-09-23/P1-PS.log	
D4|p52869|vendor	D4	vendor J -> first tcp:52869 ok	-	board	-	0	-	-	-	-	-	-	-	-	-	none	no seating-A value by card B's rule: seating A's probe connected to port 80 only; card B § 3.6 calls it a first readiness reading	N	changed: probe now connects to 80, 52869, 52881	bench/2026-09-23/V*-HP.meta.json (tcp=80 only)	kept (A1 only): card B § 3.6 names it a first readiness reading: none
D4|p52881|vendor	D4	vendor J -> first tcp:52881 ok	-	board	-	0	-	-	-	-	-	-	-	-	-	none	no seating-A value by card B's rule: seating A's probe connected to port 80 only; card B § 3.6 calls it a first readiness reading	N	changed: probe now connects to 80, 52869, 52881	bench/2026-09-23/V*-HP.meta.json (tcp=80 only)	kept (A1 only): card B § 3.6 names it a first readiness reading: none
D6|MemTotal	D6	rlxfw MemTotal, kB	-	exact	26984	1	26984	26984	26984	26984	face	-	-	-	-	exact	exact (card B § 3.2): not a D3 number	N	card B § 3.2: 26,984 kB	bench/2026-09-23/P1-FREE.log	exact row: numeric median/min/max filled from its value (the spec defines them for every row) - A2; A1 wrote '26984 kB' as text
D6|MemFree	D6	rlxfw MemFree after boot, kB	-	clock-free	20932	1	20932	20932	20932	20932	face	0.000000	N	N	-	Y	-	N	unchanged (card B § 3.2: 'a reading')	bench/2026-09-23/P1-FREE.log	under20ms '-' -> N: the spec's column is Y/N and its test applies only to time intervals; this row is not one
D6|free-used	D6	rlxfw busybox free 'used', kB	-	clock-free	6012	1	6012	6012	6012	6012	face	0.000000	N	N	-	Y	-	N	unchanged	bench/2026-09-23/P1-FREE.log | A2 id D6|free_used	under20ms '-' -> N: the spec's column is Y/N and its test applies only to time intervals; this row is not one
D5a|rlxfw|56|avg	D5a	rlxfw ICMP 56 B, median of the three series' avg rtt, ms	-	realtime	1.586,1.516,1.815	3	1.586	1.516	1.815	1.586	face	0.144388	N	N	-	N	spread 0.144388 >= 0.10	N	card B § 3.5 (a): 20 echoes at 50 ms, same payloads; unchanged	s106/n1-d5/icmp_runs.tsv (P1,P2,P3)	under20ms Y: an rtt is a time interval and its median is under 0.020 s; the closing rule's 'when it is under 20 ms' fires literally - A1. A2 hard-codes is_time=False for rtt rows (a_net.py lines 72, 77) with no stated reason. The rule's FW-35 justification does not apply to ping (reported as a rule problem, owner's call before any seating-B value is read); COORDINATOR: R2 under20ms N: the criterion names the two FW-35 read quanta at an interval's ends; ping times rtt itself, so it does not fire; stable re-derived from the other criteria
D5a|rlxfw|56|mdev	D5a	rlxfw ICMP 56 B, median of the three series' mdev, ms	-	realtime	0.632,0.773,0.682	3	0.682	0.632	0.773	0.682	face	0.133431	N	N	-	N	spread 0.133431 >= 0.10	N	unchanged	s106/n1-d5/icmp_runs.tsv (P1,P2,P3)	under20ms Y: an rtt is a time interval and its median is under 0.020 s; the closing rule's 'when it is under 20 ms' fires literally - A1. A2 hard-codes is_time=False for rtt rows (a_net.py lines 72, 77) with no stated reason. The rule's FW-35 justification does not apply to ping (reported as a rule problem, owner's call before any seating-B value is read); COORDINATOR: R2 under20ms N: the criterion names the two FW-35 read quanta at an interval's ends; ping times rtt itself, so it does not fire; stable re-derived from the other criteria
D5a|rlxfw|56|loss	D5a	rlxfw ICMP 56 B, loss % per series	-	clock-free	0,0,0	3	0	0	0	0	face	-	Y	N	loss-count	N	loss-count; spread undefined (median 0); contains0	N	unchanged	s106/n1-d5/icmp_runs.tsv (P1,P2,P3)	under20ms '-' -> N: the spec's column is Y/N and its test applies only to time intervals; this row is not one; spread: every value 0, so max/median is 0/0, undefined -> '-' (A2; A1 printed inf); N by contains0 either way
D5a|rlxfw|256|avg	D5a	rlxfw ICMP 256 B, median of the three series' avg rtt, ms	-	realtime	1.367,1.518,1.641	3	1.518	1.367	1.641	1.518	face	0.099473	N	N	-	Y	-	N	card B § 3.5 (a): 20 echoes at 50 ms, same payloads; unchanged	s106/n1-d5/icmp_runs.tsv (P1,P2,P3)	under20ms Y: an rtt is a time interval and its median is under 0.020 s; the closing rule's 'when it is under 20 ms' fires literally - A1. A2 hard-codes is_time=False for rtt rows (a_net.py lines 72, 77) with no stated reason. The rule's FW-35 justification does not apply to ping (reported as a rule problem, owner's call before any seating-B value is read); COORDINATOR: R2 under20ms N: the criterion names the two FW-35 read quanta at an interval's ends; ping times rtt itself, so it does not fire; stable re-derived from the other criteria
D5a|rlxfw|256|mdev	D5a	rlxfw ICMP 256 B, median of the three series' mdev, ms	-	realtime	0.327,1.178,0.920	3	0.92	0.327	1.178	0.92	face	0.644565	N	N	-	N	spread 0.644565 >= 0.10	N	unchanged	s106/n1-d5/icmp_runs.tsv (P1,P2,P3)	under20ms Y: an rtt is a time interval and its median is under 0.020 s; the closing rule's 'when it is under 20 ms' fires literally - A1. A2 hard-codes is_time=False for rtt rows (a_net.py lines 72, 77) with no stated reason. The rule's FW-35 justification does not apply to ping (reported as a rule problem, owner's call before any seating-B value is read); COORDINATOR: R2 under20ms N: the criterion names the two FW-35 read quanta at an interval's ends; ping times rtt itself, so it does not fire; stable re-derived from the other criteria
D5a|rlxfw|256|loss	D5a	rlxfw ICMP 256 B, loss % per series	-	clock-free	0,0,0	3	0	0	0	0	face	-	Y	N	loss-count	N	loss-count; spread undefined (median 0); contains0	N	unchanged	s106/n1-d5/icmp_runs.tsv (P1,P2,P3)	under20ms '-' -> N: the spec's column is Y/N and its test applies only to time intervals; this row is not one; spread: every value 0, so max/median is 0/0, undefined -> '-' (A2; A1 printed inf); N by contains0 either way
D5a|rlxfw|512|avg	D5a	rlxfw ICMP 512 B, median of the three series' avg rtt, ms	-	realtime	1.736,1.640,1.618	3	1.64	1.618	1.736	1.64	face	0.058537	N	N	-	Y	-	N	card B § 3.5 (a): 20 echoes at 50 ms, same payloads; unchanged	s106/n1-d5/icmp_runs.tsv (P1,P2,P3)	under20ms Y: an rtt is a time interval and its median is under 0.020 s; the closing rule's 'when it is under 20 ms' fires literally - A1. A2 hard-codes is_time=False for rtt rows (a_net.py lines 72, 77) with no stated reason. The rule's FW-35 justification does not apply to ping (reported as a rule problem, owner's call before any seating-B value is read); COORDINATOR: R2 under20ms N: the criterion names the two FW-35 read quanta at an interval's ends; ping times rtt itself, so it does not fire; stable re-derived from the other criteria
D5a|rlxfw|512|mdev	D5a	rlxfw ICMP 512 B, median of the three series' mdev, ms	-	realtime	0.401,0.496,0.375	3	0.401	0.375	0.496	0.401	face	0.236908	N	N	-	N	spread 0.236908 >= 0.10	N	unchanged	s106/n1-d5/icmp_runs.tsv (P1,P2,P3)	under20ms Y: an rtt is a time interval and its median is under 0.020 s; the closing rule's 'when it is under 20 ms' fires literally - A1. A2 hard-codes is_time=False for rtt rows (a_net.py lines 72, 77) with no stated reason. The rule's FW-35 justification does not apply to ping (reported as a rule problem, owner's call before any seating-B value is read); COORDINATOR: R2 under20ms N: the criterion names the two FW-35 read quanta at an interval's ends; ping times rtt itself, so it does not fire; stable re-derived from the other criteria
D5a|rlxfw|512|loss	D5a	rlxfw ICMP 512 B, loss % per series	-	clock-free	0,0,0	3	0	0	0	0	face	-	Y	N	loss-count	N	loss-count; spread undefined (median 0); contains0	N	unchanged	s106/n1-d5/icmp_runs.tsv (P1,P2,P3)	under20ms '-' -> N: the spec's column is Y/N and its test applies only to time intervals; this row is not one; spread: every value 0, so max/median is 0/0, undefined -> '-' (A2; A1 printed inf); N by contains0 either way
D5a|rlxfw|1024|avg	D5a	rlxfw ICMP 1024 B, median of the three series' avg rtt, ms	-	realtime	2.030,2.124,2.086	3	2.086	2.03	2.124	2.086	face	0.026846	N	N	-	Y	-	N	card B § 3.5 (a): 20 echoes at 50 ms, same payloads; unchanged	s106/n1-d5/icmp_runs.tsv (P1,P2,P3)	under20ms Y: an rtt is a time interval and its median is under 0.020 s; the closing rule's 'when it is under 20 ms' fires literally - A1. A2 hard-codes is_time=False for rtt rows (a_net.py lines 72, 77) with no stated reason. The rule's FW-35 justification does not apply to ping (reported as a rule problem, owner's call before any seating-B value is read); COORDINATOR: R2 under20ms N: the criterion names the two FW-35 read quanta at an interval's ends; ping times rtt itself, so it does not fire; stable re-derived from the other criteria
D5a|rlxfw|1024|mdev	D5a	rlxfw ICMP 1024 B, median of the three series' mdev, ms	-	realtime	0.446,0.509,0.591	3	0.509	0.446	0.591	0.509	face	0.161100	N	N	-	N	spread 0.161100 >= 0.10	N	unchanged	s106/n1-d5/icmp_runs.tsv (P1,P2,P3)	under20ms Y: an rtt is a time interval and its median is under 0.020 s; the closing rule's 'when it is under 20 ms' fires literally - A1. A2 hard-codes is_time=False for rtt rows (a_net.py lines 72, 77) with no stated reason. The rule's FW-35 justification does not apply to ping (reported as a rule problem, owner's call before any seating-B value is read); COORDINATOR: R2 under20ms N: the criterion names the two FW-35 read quanta at an interval's ends; ping times rtt itself, so it does not fire; stable re-derived from the other criteria
D5a|rlxfw|1024|loss	D5a	rlxfw ICMP 1024 B, loss % per series	-	clock-free	0,0,0	3	0	0	0	0	face	-	Y	N	loss-count	N	loss-count; spread undefined (median 0); contains0	N	unchanged	s106/n1-d5/icmp_runs.tsv (P1,P2,P3)	under20ms '-' -> N: the spec's column is Y/N and its test applies only to time intervals; this row is not one; spread: every value 0, so max/median is 0/0, undefined -> '-' (A2; A1 printed inf); N by contains0 either way
D5a|rlxfw|1472|avg	D5a	rlxfw ICMP 1472 B, median of the three series' avg rtt, ms	-	realtime	2.052,2.252,2.139	3	2.139	2.052	2.252	2.139	face	0.052828	N	N	-	Y	-	N	card B § 3.5 (a): 20 echoes at 50 ms, same payloads; unchanged	s106/n1-d5/icmp_runs.tsv (P1,P2,P3)	under20ms Y: an rtt is a time interval and its median is under 0.020 s; the closing rule's 'when it is under 20 ms' fires literally - A1. A2 hard-codes is_time=False for rtt rows (a_net.py lines 72, 77) with no stated reason. The rule's FW-35 justification does not apply to ping (reported as a rule problem, owner's call before any seating-B value is read); COORDINATOR: R2 under20ms N: the criterion names the two FW-35 read quanta at an interval's ends; ping times rtt itself, so it does not fire; stable re-derived from the other criteria
D5a|rlxfw|1472|mdev	D5a	rlxfw ICMP 1472 B, median of the three series' mdev, ms	-	realtime	0.462,0.508,0.476	3	0.476	0.462	0.508	0.476	face	0.067227	N	N	-	Y	-	N	unchanged	s106/n1-d5/icmp_runs.tsv (P1,P2,P3)	under20ms Y: an rtt is a time interval and its median is under 0.020 s; the closing rule's 'when it is under 20 ms' fires literally - A1. A2 hard-codes is_time=False for rtt rows (a_net.py lines 72, 77) with no stated reason. The rule's FW-35 justification does not apply to ping (reported as a rule problem, owner's call before any seating-B value is read); COORDINATOR: R2 under20ms N: the criterion names the two FW-35 read quanta at an interval's ends; ping times rtt itself, so it does not fire; stable re-derived from the other criteria
D5a|rlxfw|1472|loss	D5a	rlxfw ICMP 1472 B, loss % per series	-	clock-free	0,0,0	3	0	0	0	0	face	-	Y	N	loss-count	N	loss-count; spread undefined (median 0); contains0	N	unchanged	s106/n1-d5/icmp_runs.tsv (P1,P2,P3)	under20ms '-' -> N: the spec's column is Y/N and its test applies only to time intervals; this row is not one; spread: every value 0, so max/median is 0/0, undefined -> '-' (A2; A1 printed inf); N by contains0 either way
D5a|vendor|56|avg	D5a	vendor ICMP 56 B, median of the three series' avg rtt, ms	-	realtime	1.710,1.516,1.504	3	1.516	1.504	1.71	1.516	face	0.127968	N	N	-	N	spread 0.127968 >= 0.10	N	card B § 3.5 (a): 20 echoes at 50 ms, same payloads; unchanged	s106/n1-d5/icmp_runs.tsv (V1,V2,V3)	under20ms Y: an rtt is a time interval and its median is under 0.020 s; the closing rule's 'when it is under 20 ms' fires literally - A1. A2 hard-codes is_time=False for rtt rows (a_net.py lines 72, 77) with no stated reason. The rule's FW-35 justification does not apply to ping (reported as a rule problem, owner's call before any seating-B value is read); COORDINATOR: R2 under20ms N: the criterion names the two FW-35 read quanta at an interval's ends; ping times rtt itself, so it does not fire; stable re-derived from the other criteria
D5a|vendor|56|mdev	D5a	vendor ICMP 56 B, median of the three series' mdev, ms	-	realtime	0.988,0.384,0.708	3	0.708	0.384	0.988	0.708	face	0.457627	N	N	-	N	spread 0.457627 >= 0.10	N	unchanged	s106/n1-d5/icmp_runs.tsv (V1,V2,V3)	under20ms Y: an rtt is a time interval and its median is under 0.020 s; the closing rule's 'when it is under 20 ms' fires literally - A1. A2 hard-codes is_time=False for rtt rows (a_net.py lines 72, 77) with no stated reason. The rule's FW-35 justification does not apply to ping (reported as a rule problem, owner's call before any seating-B value is read); COORDINATOR: R2 under20ms N: the criterion names the two FW-35 read quanta at an interval's ends; ping times rtt itself, so it does not fire; stable re-derived from the other criteria
D5a|vendor|56|loss	D5a	vendor ICMP 56 B, loss % per series	-	clock-free	0,0,0	3	0	0	0	0	face	-	Y	N	loss-count	N	loss-count; spread undefined (median 0); contains0	N	unchanged	s106/n1-d5/icmp_runs.tsv (V1,V2,V3)	under20ms '-' -> N: the spec's column is Y/N and its test applies only to time intervals; this row is not one; spread: every value 0, so max/median is 0/0, undefined -> '-' (A2; A1 printed inf); N by contains0 either way
D5a|vendor|256|avg	D5a	vendor ICMP 256 B, median of the three series' avg rtt, ms	-	realtime	1.653,1.895,2.180	3	1.895	1.653	2.18	1.895	face	0.150396	N	N	-	N	spread 0.150396 >= 0.10	N	card B § 3.5 (a): 20 echoes at 50 ms, same payloads; unchanged	s106/n1-d5/icmp_runs.tsv (V1,V2,V3)	under20ms Y: an rtt is a time interval and its median is under 0.020 s; the closing rule's 'when it is under 20 ms' fires literally - A1. A2 hard-codes is_time=False for rtt rows (a_net.py lines 72, 77) with no stated reason. The rule's FW-35 justification does not apply to ping (reported as a rule problem, owner's call before any seating-B value is read); COORDINATOR: R2 under20ms N: the criterion names the two FW-35 read quanta at an interval's ends; ping times rtt itself, so it does not fire; stable re-derived from the other criteria
D5a|vendor|256|mdev	D5a	vendor ICMP 256 B, median of the three series' mdev, ms	-	realtime	0.465,0.723,2.080	3	0.723	0.465	2.08	0.723	face	1.876902	N	N	-	N	spread 1.876902 >= 0.10	N	unchanged	s106/n1-d5/icmp_runs.tsv (V1,V2,V3)	under20ms Y: an rtt is a time interval and its median is under 0.020 s; the closing rule's 'when it is under 20 ms' fires literally - A1. A2 hard-codes is_time=False for rtt rows (a_net.py lines 72, 77) with no stated reason. The rule's FW-35 justification does not apply to ping (reported as a rule problem, owner's call before any seating-B value is read); COORDINATOR: R2 under20ms N: the criterion names the two FW-35 read quanta at an interval's ends; ping times rtt itself, so it does not fire; stable re-derived from the other criteria
D5a|vendor|256|loss	D5a	vendor ICMP 256 B, loss % per series	-	clock-free	0,0,0	3	0	0	0	0	face	-	Y	N	loss-count	N	loss-count; spread undefined (median 0); contains0	N	unchanged	s106/n1-d5/icmp_runs.tsv (V1,V2,V3)	under20ms '-' -> N: the spec's column is Y/N and its test applies only to time intervals; this row is not one; spread: every value 0, so max/median is 0/0, undefined -> '-' (A2; A1 printed inf); N by contains0 either way
D5a|vendor|512|avg	D5a	vendor ICMP 512 B, median of the three series' avg rtt, ms	-	realtime	1.580,1.843,1.644	3	1.644	1.58	1.843	1.644	face	0.121046	N	N	-	N	spread 0.121046 >= 0.10	N	card B § 3.5 (a): 20 echoes at 50 ms, same payloads; unchanged	s106/n1-d5/icmp_runs.tsv (V1,V2,V3)	under20ms Y: an rtt is a time interval and its median is under 0.020 s; the closing rule's 'when it is under 20 ms' fires literally - A1. A2 hard-codes is_time=False for rtt rows (a_net.py lines 72, 77) with no stated reason. The rule's FW-35 justification does not apply to ping (reported as a rule problem, owner's call before any seating-B value is read); COORDINATOR: R2 under20ms N: the criterion names the two FW-35 read quanta at an interval's ends; ping times rtt itself, so it does not fire; stable re-derived from the other criteria
D5a|vendor|512|mdev	D5a	vendor ICMP 512 B, median of the three series' mdev, ms	-	realtime	0.370,0.922,0.327	3	0.37	0.327	0.922	0.37	face	1.491892	N	N	-	N	spread 1.491892 >= 0.10	N	unchanged	s106/n1-d5/icmp_runs.tsv (V1,V2,V3)	under20ms Y: an rtt is a time interval and its median is under 0.020 s; the closing rule's 'when it is under 20 ms' fires literally - A1. A2 hard-codes is_time=False for rtt rows (a_net.py lines 72, 77) with no stated reason. The rule's FW-35 justification does not apply to ping (reported as a rule problem, owner's call before any seating-B value is read); COORDINATOR: R2 under20ms N: the criterion names the two FW-35 read quanta at an interval's ends; ping times rtt itself, so it does not fire; stable re-derived from the other criteria
D5a|vendor|512|loss	D5a	vendor ICMP 512 B, loss % per series	-	clock-free	0,0,0	3	0	0	0	0	face	-	Y	N	loss-count	N	loss-count; spread undefined (median 0); contains0	N	unchanged	s106/n1-d5/icmp_runs.tsv (V1,V2,V3)	under20ms '-' -> N: the spec's column is Y/N and its test applies only to time intervals; this row is not one; spread: every value 0, so max/median is 0/0, undefined -> '-' (A2; A1 printed inf); N by contains0 either way
D5a|vendor|1024|avg	D5a	vendor ICMP 1024 B, median of the three series' avg rtt, ms	-	realtime	1.998,1.782,1.743	3	1.782	1.743	1.998	1.782	face	0.121212	N	N	-	N	spread 0.121212 >= 0.10	N	card B § 3.5 (a): 20 echoes at 50 ms, same payloads; unchanged	s106/n1-d5/icmp_runs.tsv (V1,V2,V3)	under20ms Y: an rtt is a time interval and its median is under 0.020 s; the closing rule's 'when it is under 20 ms' fires literally - A1. A2 hard-codes is_time=False for rtt rows (a_net.py lines 72, 77) with no stated reason. The rule's FW-35 justification does not apply to ping (reported as a rule problem, owner's call before any seating-B value is read); COORDINATOR: R2 under20ms N: the criterion names the two FW-35 read quanta at an interval's ends; ping times rtt itself, so it does not fire; stable re-derived from the other criteria
D5a|vendor|1024|mdev	D5a	vendor ICMP 1024 B, median of the three series' mdev, ms	-	realtime	1.325,0.472,0.418	3	0.472	0.418	1.325	0.472	face	1.807203	N	N	-	N	spread 1.807203 >= 0.10	N	unchanged	s106/n1-d5/icmp_runs.tsv (V1,V2,V3)	under20ms Y: an rtt is a time interval and its median is under 0.020 s; the closing rule's 'when it is under 20 ms' fires literally - A1. A2 hard-codes is_time=False for rtt rows (a_net.py lines 72, 77) with no stated reason. The rule's FW-35 justification does not apply to ping (reported as a rule problem, owner's call before any seating-B value is read); COORDINATOR: R2 under20ms N: the criterion names the two FW-35 read quanta at an interval's ends; ping times rtt itself, so it does not fire; stable re-derived from the other criteria
D5a|vendor|1024|loss	D5a	vendor ICMP 1024 B, loss % per series	-	clock-free	0,0,0	3	0	0	0	0	face	-	Y	N	loss-count	N	loss-count; spread undefined (median 0); contains0	N	unchanged	s106/n1-d5/icmp_runs.tsv (V1,V2,V3)	under20ms '-' -> N: the spec's column is Y/N and its test applies only to time intervals; this row is not one; spread: every value 0, so max/median is 0/0, undefined -> '-' (A2; A1 printed inf); N by contains0 either way
D5a|vendor|1472|avg	D5a	vendor ICMP 1472 B, median of the three series' avg rtt, ms	-	realtime	1.956,1.690,1.656	3	1.69	1.656	1.956	1.69	face	0.157396	N	N	-	N	spread 0.157396 >= 0.10	N	card B § 3.5 (a): 20 echoes at 50 ms, same payloads; unchanged	s106/n1-d5/icmp_runs.tsv (V1,V2,V3)	under20ms Y: an rtt is a time interval and its median is under 0.020 s; the closing rule's 'when it is under 20 ms' fires literally - A1. A2 hard-codes is_time=False for rtt rows (a_net.py lines 72, 77) with no stated reason. The rule's FW-35 justification does not apply to ping (reported as a rule problem, owner's call before any seating-B value is read); COORDINATOR: R2 under20ms N: the criterion names the two FW-35 read quanta at an interval's ends; ping times rtt itself, so it does not fire; stable re-derived from the other criteria
D5a|vendor|1472|mdev	D5a	vendor ICMP 1472 B, median of the three series' mdev, ms	-	realtime	0.334,0.402,0.280	3	0.334	0.28	0.402	0.334	face	0.203593	N	N	-	N	spread 0.203593 >= 0.10	N	unchanged	s106/n1-d5/icmp_runs.tsv (V1,V2,V3)	under20ms Y: an rtt is a time interval and its median is under 0.020 s; the closing rule's 'when it is under 20 ms' fires literally - A1. A2 hard-codes is_time=False for rtt rows (a_net.py lines 72, 77) with no stated reason. The rule's FW-35 justification does not apply to ping (reported as a rule problem, owner's call before any seating-B value is read); COORDINATOR: R2 under20ms N: the criterion names the two FW-35 read quanta at an interval's ends; ping times rtt itself, so it does not fire; stable re-derived from the other criteria
D5a|vendor|1472|loss	D5a	vendor ICMP 1472 B, loss % per series	-	clock-free	0,0,0	3	0	0	0	0	face	-	Y	N	loss-count	N	loss-count; spread undefined (median 0); contains0	N	unchanged	s106/n1-d5/icmp_runs.tsv (V1,V2,V3)	under20ms '-' -> N: the spec's column is Y/N and its test applies only to time intervals; this row is not one; spread: every value 0, so max/median is 0/0, undefined -> '-' (A2; A1 printed inf); N by contains0 either way
D5b|eth4|ER|mbps	D5b	eth4 TCP board receives, receiver Mbit/s	-	realtime	24.4,24.7,25.0	3	24.7	24.4	25	24.7	face	0.012146	N	N	-	Y	-	N	card B § 3.5: board server log (iperflog) and host; receiver figure is the server's; unchanged quantity	s106/n1-d5/iperf_trials.tsv, cpu_windows.tsv (ER1,ER2,ER3)	under20ms '-' -> N: the spec's column is Y/N and its test applies only to time intervals; this row is not one
D5b|eth4|ES|mbps	D5b	eth4 TCP board sends, receiver (host) Mbit/s	-	realtime	26.2,26.2,26.2	3	26.2	26.2	26.2	26.2	face	0.000000	N	N	-	Y	-	N	unchanged (host's receiver line)	s106/n1-d5/iperf_trials.tsv, cpu_windows.tsv (ES1,ES2,ES3)	under20ms '-' -> N: the spec's column is Y/N and its test applies only to time intervals; this row is not one
D5b|eth4|ES|retr	D5b	eth4 TCP board sends, retransmissions (board-reported)	-	clock-free	0,0,0	3	0	0	0	0	face	-	Y	N	loss-count	N	loss-count; spread undefined (median 0); contains0	N	unchanged	s106/n1-d5/iperf_trials.tsv, cpu_windows.tsv (ES1,ES2,ES3)	under20ms '-' -> N: the spec's column is Y/N and its test applies only to time intervals; this row is not one; spread: every value 0, so max/median is 0/0, undefined -> '-' (A2; A1 printed inf); N by contains0 either way
D5b|eth4|EU|mbps	D5b	eth4 UDP board receives, received Mbit/s (board datagrams x 1400 B / 30 s)	-	realtime	5.958,5.956,5.957	3	5.957	5.956	5.958	5.957	face	0.000168	N	N	-	Y	-	N	card B § 3.5: the board's own server log; seating A's value is the server JSON relayed to the host (same count)	s106/n1-d5/iperf_trials.tsv, cpu_windows.tsv (EU1,EU2,EU3)	under20ms '-' -> N: the spec's column is Y/N and its test applies only to time intervals; this row is not one
D5b|eth4|EU|lost	D5b	eth4 UDP board receives, datagrams lost (server)	-	clock-free	37339,37344,37341	3	37341	37339	37344	37341	face	0.000080	N	N	loss-count	N	loss-count	N	unchanged	s106/n1-d5/iperf_trials.tsv, cpu_windows.tsv (EU1,EU2,EU3)	under20ms '-' -> N: the spec's column is Y/N and its test applies only to time intervals; this row is not one
D5b|eth4|EU|lostpct	D5b	eth4 UDP board receives, lost %	-	clock-free	70.057,70.066,70.061	3	70.061	70.057	70.066	70.061	face	0.000071	N	N	loss-count	N	loss-count	N	unchanged	s106/n1-d5/iperf_trials.tsv, cpu_windows.tsv (EU1,EU2,EU3)	same trials at higher precision: A2's lost/total from the same summary line (37,339-37,344 of 53,298); iperf3 prints it as (70%) - A2 (ROUNDING control); under20ms '-' -> N: the spec's column is Y/N and its test applies only to time intervals; this row is not one
D5b|eth4|EV|mbps	D5b	eth4 UDP board sends, Mbit/s (board-reported)	-	realtime	19.9,19.9,20.0	3	19.9	19.9	20	19.9	face	0.005025	N	N	-	Y	-	N	unchanged	s106/n1-d5/iperf_trials.tsv, cpu_windows.tsv (EV1,EV2,EV3)	under20ms '-' -> N: the spec's column is Y/N and its test applies only to time intervals; this row is not one
D5b|eth4|EV|lost	D5b	eth4 UDP board sends, datagrams lost (host)	-	clock-free	0,0,0	3	0	0	0	0	face	-	Y	N	loss-count	N	loss-count; spread undefined (median 0); contains0	N	unchanged	s106/n1-d5/iperf_trials.tsv, cpu_windows.tsv (EV1,EV2,EV3)	under20ms '-' -> N: the spec's column is Y/N and its test applies only to time intervals; this row is not one; spread: every value 0, so max/median is 0/0, undefined -> '-' (A2; A1 printed inf); N by contains0 either way
D5b|eth4|ER|cpu	D5b	eth4 ER board CPU busy % (/proc/stat -S0 -> -S1)	-	clock-free	53.55,55.66,54.66	3	54.66	53.55	55.66	54.66	face	0.020307	N	N	-	Y	-	N	card B § 3.5: /proc/stat before and after each trial; unchanged	s106/n1-d5/iperf_trials.tsv, cpu_windows.tsv (ER1,ER2,ER3)	same windows at higher precision: A2's busy % = busy/sum ticks of the same -S0/-S1 lines (cpu_windows.tsv's ticks); each is within 0.055 of A1's published 1-dp figure (ROUNDING control) - A2; under20ms '-' -> N: the spec's column is Y/N and its test applies only to time intervals; this row is not one
D5b|eth4|ES|cpu	D5b	eth4 ES board CPU busy % (/proc/stat -S0 -> -S1)	-	clock-free	89.75,89.82,89.79	3	89.79	89.75	89.82	89.79	face	0.000445	N	N	-	Y	-	N	card B § 3.5: /proc/stat before and after each trial; unchanged	s106/n1-d5/iperf_trials.tsv, cpu_windows.tsv (ES1,ES2,ES3)	same windows at higher precision: A2's busy % = busy/sum ticks of the same -S0/-S1 lines (cpu_windows.tsv's ticks); each is within 0.055 of A1's published 1-dp figure (ROUNDING control) - A2; under20ms '-' -> N: the spec's column is Y/N and its test applies only to time intervals; this row is not one
D5b|eth4|EU|cpu	D5b	eth4 EU board CPU busy % (/proc/stat -S0 -> -S1)	-	clock-free	38.37,38.41,38.21	3	38.37	38.21	38.41	38.37	face	0.004170	N	N	-	Y	-	N	card B § 3.5: /proc/stat before and after each trial; unchanged	s106/n1-d5/iperf_trials.tsv, cpu_windows.tsv (EU1,EU2,EU3)	same windows at higher precision: A2's busy % = busy/sum ticks of the same -S0/-S1 lines (cpu_windows.tsv's ticks); each is within 0.055 of A1's published 1-dp figure (ROUNDING control) - A2; under20ms '-' -> N: the spec's column is Y/N and its test applies only to time intervals; this row is not one
D5b|eth4|EV|cpu	D5b	eth4 EV board CPU busy % (/proc/stat -S0 -> -S1)	-	clock-free	81.72,82.16,81.37	3	81.72	81.37	82.16	81.72	face	0.005384	N	N	-	Y	-	N	card B § 3.5: /proc/stat before and after each trial; unchanged	s106/n1-d5/iperf_trials.tsv, cpu_windows.tsv (EV1,EV2,EV3)	same windows at higher precision: A2's busy % = busy/sum ticks of the same -S0/-S1 lines (cpu_windows.tsv's ticks); each is within 0.055 of A1's published 1-dp figure (ROUNDING control) - A2; under20ms '-' -> N: the spec's column is Y/N and its test applies only to time intervals; this row is not one
D5b|rlx0|TR|sender5s	D5b	rlx0 TCP board receives, host sender Mbit/s per 5 s interval (trial median)	-	realtime	17.8,17.5,17.6,16.8,15.3,17.9,17.3,17.2,17.3,15.6,15.8,17.0,17.2,17.3,17.8	15	17.3	15.3	17.9	17.3	face	0.115607	N	N	listed	N	listed; spread 0.115607 >= 0.10	N	host side unchanged; every TR exchange failed in seating A	bench/2026-09-23/P1-TR{1,2,3}.log interval lines (this script); nic-driver.md § 19.1 [captures: TR1,TR1,TR1,TR1,TR1,TR2,TR2,TR2,TR2,TR2,TR3,TR3,TR3,TR3,TR3]	population: the spec names 'TR sender per 5 s' and nic-driver § 19.1 publishes 15.3-17.9 Mbit/s per 5 s; A2's 15 interval values (P1-TR1..3.log, read here: TR3 15.8/17.0/17.2/17.3/17.8) - A2; A1's are the three per-trial medians; under20ms '-' -> N: the spec's column is Y/N and its test applies only to time intervals; this row is not one
D5b|rlx0|TR|board-receiver	D5b	rlx0 TCP board receives, board-side receiver Mbit/s	-	realtime	-	0	-	-	-	-	-	-	-	-	-	none	no seating-A value by card B's rule: no receiver figure exists in seating A (n = 0, notes nic-driver § 19.1); card B reads the board's own server log for the first time	N	changed: board server log (iperflog, FW-128)	s106/n1-d5/iperf_trials.tsv (TR1-TR3: no results exchange) | A2 id D5b|rlx0|TR|board_mbps	
D5b|rlx0|TS|mbps	D5b	rlx0 TCP board sends, receiver (host) Mbit/s	-	realtime	23.6,0.21,0.78	3	0.78	0.21	23.6	0.78	face	29.256410	N	N	listed	N	listed; spread 29.256410 >= 0.10	N	unchanged	s106/n1-d5/iperf_trials.tsv, cpu_windows.tsv (TS1,TS2,TS3)	under20ms '-' -> N: the spec's column is Y/N and its test applies only to time intervals; this row is not one
D5b|rlx0|TS|retr	D5b	rlx0 TCP board sends, retransmissions (board-reported)	-	clock-free	0,323,668	3	323	0	668	323	face	1.068111	Y	N	listed	N	listed; spread 1.068111 >= 0.10; contains0	N	unchanged	s106/n1-d5/iperf_trials.tsv, cpu_windows.tsv (TS1,TS2,TS3)	UNRESOLVED (s310, a label; stable N under both): A1 loss-count (card B § 3.10 names TS by its Mbit/s figures) / A2 listed (a figure of the listed TS trials); the spec's s310 holds one value and gives no precedence; under20ms '-' -> N: the spec's column is Y/N and its test applies only to time intervals; this row is not one; COORDINATOR: R5 s310 listed: a figure of the TS trials card B 3.10 lists as rlx0 TCP board-sends
D5b|rlx0|TR|cpu	D5b	rlx0 TR board CPU busy % per trial window (-S0 -> -S1, restart and stall included)	-	clock-free	20.46,16.65,29.58	3	20.46	16.65	29.58	20.46	face	0.445748	N	N	listed	N	listed; spread 0.445748 >= 0.10	N	changed: card B brackets each rlx0 trial by its own -S0/-S1 dumps and a one-off server; seating A's window includes the restart	s106/n1-d5/iperf_trials.tsv, cpu_windows.tsv (TR1,TR2,TR3); exchange failed: TR1,TR2,TR3	same windows at higher precision (A2, ROUNDING control); N by listing and spread under both; under20ms '-' -> N: the spec's column is Y/N and its test applies only to time intervals; this row is not one
D5b|rlx0|TS|cpu	D5b	rlx0 TS board CPU busy % per trial window (-S0 -> -S1, restart and stall included)	-	clock-free	67.92,0.77,4.40	3	4.4	0.77	67.92	4.4	face	14.436364	N	N	listed	N	listed; spread 14.436364 >= 0.10	N	changed: card B brackets each rlx0 trial by its own -S0/-S1 dumps and a one-off server; seating A's window includes the restart	s106/n1-d5/iperf_trials.tsv, cpu_windows.tsv (TS1,TS2,TS3)	UNRESOLVED (s310, a label; stable N under both, spread 14.4): A1 '-' / A2 listed (per-trial CPU of the listed TS trials); card B § 3.10 does not say whether a listed quantity's trials' other figures are listed. Values at 2 dp (A2, ROUNDING control); under20ms '-' -> N: the spec's column is Y/N and its test applies only to time intervals; this row is not one; COORDINATOR: R5 s310 listed: a figure of the TS trials card B 3.10 lists as rlx0 TCP board-sends
D5b|rlx0|UR|cpu	D5b	rlx0 UR board CPU busy % per trial window (-S0 -> -S1, restart and stall included)	-	clock-free	33.11,33.15	2	33.13	33.11	33.15	33.13	face	0.000604	N	N	listed	N	listed	N	changed: card B brackets each rlx0 trial by its own -S0/-S1 dumps and a one-off server; seating A's window includes the restart	bench/2026-09-23/P1-UR-S0/-S1.log (this script); nic-driver.md § 19.7 [captures: UR1,UR3]	population: nic-driver § 19.7, the published per-trial CPU table, has UR1 and UR3 (UR) and US1 (US) only; A1 added the no-connect trials' idle windows (UR2, US2, US3) from cpu_windows.tsv - A2. N (listed) under both; under20ms '-' -> N: the spec's column is Y/N and its test applies only to time intervals; this row is not one
D5b|rlx0|US|cpu	D5b	rlx0 US board CPU busy % per trial window (-S0 -> -S1, restart and stall included)	-	clock-free	39.45	1	39.45	39.45	39.45	39.45	face	0.000000	N	N	listed	N	listed	N	changed: card B brackets each rlx0 trial by its own -S0/-S1 dumps and a one-off server; seating A's window includes the restart	bench/2026-09-23/P1-US1-S0/-S1.log (this script); nic-driver.md § 19.7 [captures: US1] | A2 id D5b|rlx0|US1|cpu	population: nic-driver § 19.7, the published per-trial CPU table, has UR1 and UR3 (UR) and US1 (US) only; A1 added the no-connect trials' idle windows (UR2, US2, US3) from cpu_windows.tsv - A2. N (listed) under both; under20ms '-' -> N: the spec's column is Y/N and its test applies only to time intervals; this row is not one
D5b|rlx0|UR|hostsent	D5b	rlx0 UDP board receives, datagrams the host sent over its test	-	clock-free	53525,53504	2	53514.5	53504	53525	53514.5	face	0.000196	N	N	listed	N	listed	N	unchanged	s106/n1-d5/iperf_trials.tsv, cpu_windows.tsv (UR1,UR3); UR2 never connected	kept (A1 only): not published in § 19 and not required by the spec; kept because it is N (listed) and decides nothing; under20ms '-' -> N (spec vocabulary Y/N; not a time interval)
D5b|rlx0|UR|board-log	D5b	rlx0 UDP board receives, what the board received (its own server log)	-	clock-free	-	0	-	-	-	-	-	-	-	-	-	none	no seating-A value by card B's rule: the server's figure never reached the host in seating A; card B reads the board log for the first time	N	changed: board server log	s106/n1-d5/iperf_trials.tsv (UR1-UR3)	kept (A1 only): card B § 3.5 names the board log a first reading: none
D5b|rlx0|US1|hostseq	D5b	rlx0 UDP board sends (US1), highest sequence the host received, 0 gaps	-	clock-free	53485	1	53485	53485	53485	53485	face	0.000000	N	N	listed	N	listed	N	unchanged	s106/n1-d5/iperf_trials.tsv US1 card_figure; nic-driver § 19.1	kept (A1 only): § 19.1 publishes US1's highest sequence 53,485 (spec: every published rlx0 figure); under20ms '-' -> N (spec vocabulary Y/N; not a time interval)
D5b|rlx0|US1|mbps	D5b	rlx0 UDP board-sends US1: Mbit/s (median of its 1 s intervals; exchange failed)	-	realtime	20.7	1	20.7	20.7	20.7	20.7	face	0.000000	N	N	listed	N	listed	N	card B § 3.5: the failures recur (推); the board log is a first reading	bench/2026-09-23/P1-US1.log interval lines (this script); § 19.1 prints 20.7 [captures: US1]	kept (A2 only): § 19.1 publishes US1's 20.7 Mbit/s (spec: every published rlx0 figure); N (listed)
D5b|rlx0|failed-exchanges	D5b	rlx0 trials (of 12) that connected and whose end-of-test exchange never completed	-	clock-free	6	1	6	6	6	6	face	0.000000	N	N	loss-count	N	loss-count	N	changed: one-off server per trial	s106/n1-d5/iperf_trials.tsv, cpu_windows.tsv (12 rlx0 trials)	kept (A1 only): § 19.1 publishes the six failed exchanges; under20ms '-' -> N (spec vocabulary Y/N; not a time interval)
D5b|rlx0|no-connect	D5b	rlx0 trials (of 12) that could not connect (No route to host)	-	clock-free	3	1	3	3	3	3	face	0.000000	N	N	loss-count	N	loss-count	N	unchanged	s106/n1-d5/iperf_trials.tsv, cpu_windows.tsv (12 rlx0 trials)	kept (A1 only): § 19.1 publishes the three No-route trials; under20ms '-' -> N (spec vocabulary Y/N; not a time interval)
D5b|rlx0|recover|n_tx_stop	D5b	rlx0 recover counter n_tx_stop, P1-N0 -> P1-US3-S1	-	clock-free	7	1	7	7	7	7	face	0.000000	N	N	listed	N	listed	N	changed: card B reads it per trial (-S0 -> -S1)	s106/n1-d5/nic_deltas.tsv (sum of 12 intervals)	under20ms '-' -> N: the spec's column is Y/N and its test applies only to time intervals; this row is not one
D5b|rlx0|recover|n_recov_fire	D5b	rlx0 recover counter n_recov_fire, P1-N0 -> P1-US3-S1	-	clock-free	7	1	7	7	7	7	face	0.000000	N	N	listed	N	listed	N	changed: card B reads it per trial (-S0 -> -S1)	s106/n1-d5/nic_deltas.tsv (sum of 12 intervals)	under20ms '-' -> N: the spec's column is Y/N and its test applies only to time intervals; this row is not one
D5b|rlx0|recover|n_recov_ok	D5b	rlx0 recover counter n_recov_ok, P1-N0 -> P1-US3-S1	-	clock-free	7	1	7	7	7	7	face	0.000000	N	N	listed	N	listed	N	changed: card B reads it per trial (-S0 -> -S1)	s106/n1-d5/nic_deltas.tsv (sum of 12 intervals)	under20ms '-' -> N: the spec's column is Y/N and its test applies only to time intervals; this row is not one
D5b|rlx0|recover|n_recov_fail	D5b	rlx0 recover counter n_recov_fail, P1-N0 -> P1-US3-S1	-	clock-free	0	1	0	0	0	0	face	-	Y	N	listed	N	listed; spread undefined (median 0); contains0	N	changed: card B reads it per trial (-S0 -> -S1)	s106/n1-d5/nic_deltas.tsv (sum of 12 intervals)	under20ms '-' -> N: the spec's column is Y/N and its test applies only to time intervals; this row is not one; spread: every value 0, so max/median is 0/0, undefined -> '-' (A2; A1 printed inf); N by contains0 either way
D5b|rlx0|recover|n_recov_spurious	D5b	rlx0 recover counter n_recov_spurious, P1-N0 -> P1-US3-S1	-	clock-free	0	1	0	0	0	0	face	-	Y	N	listed	N	listed; spread undefined (median 0); contains0	N	changed: card B reads it per trial (-S0 -> -S1)	s106/n1-d5/nic_deltas.tsv (sum of 12 intervals)	under20ms '-' -> N: the spec's column is Y/N and its test applies only to time intervals; this row is not one; spread: every value 0, so max/median is 0/0, undefined -> '-' (A2; A1 printed inf); N by contains0 either way
D5b|rlx0|recover|n_writes	D5b	rlx0 recover counter n_writes, P1-N0 -> P1-US3-S1	-	clock-free	112	1	112	112	112	112	face	0.000000	N	N	listed	N	listed	N	changed: card B reads it per trial (-S0 -> -S1)	s106/n1-d5/nic_deltas.tsv (sum of 12 intervals)	kept (A1 only): § 19.1 publishes n_writes 14 -> 126 (Δ 112); under20ms '-' -> N (spec vocabulary Y/N; not a time interval)
D5b|rlx0|recover|per-trial	D5b	rlx0 per-trial n_tx_stop / n_recov_* from -S0 to -S1	-	clock-free	-	0	-	-	-	-	-	-	-	-	listed	none	no seating-A value by card B's rule: seating A's -S0 captures hold /proc/stat only; card B § 3.5: 'first per-trial readings'	N	changed: two driver dumps per trial	s106/n1-d5/REPORT.md § 0 (1), (6)	kept (A1 only): card B § 3.5 names them first per-trial readings: none
D5b|rlx0|NET112|frames	D5b	NET-112: frames the driver counted sent minus frames the switch emitted (P1-ETH4 vs P1-US3-S1)	-	clock-free	182	1	182	182	182	182	face	0.000000	N	N	loss-count	N	loss-count	N	card B: rlx0 trials bracketed by driver dumps; the switch read at the handover as in card A	s106/n1-d5/net112.tsv | A2 id D5b|rlx0|NET112|tx_frames	under20ms '-' -> N: the spec's column is Y/N and its test applies only to time intervals; this row is not one
D5b|rlx0|NET112|bytes	D5b	NET-112: bytes (with FCS) sent minus emitted	-	clock-free	23692	1	23692	23692	23692	23692	face	0.000000	N	N	loss-count	N	loss-count	N	as above	s106/n1-d5/net112.tsv | A2 id D5b|rlx0|NET112|tx_bytes	under20ms '-' -> N: the spec's column is Y/N and its test applies only to time intervals; this row is not one
D5b|rlx0|NET112|rxframes	D5b	NET-112: frames into the board minus n_rx	-	clock-free	0	1	0	0	0	0	face	-	Y	N	loss-count	N	loss-count; spread undefined (median 0); contains0	N	as above	s106/n1-d5/net112.tsv | A2 id D5b|rlx0|NET112|rx_frames	under20ms '-' -> N: the spec's column is Y/N and its test applies only to time intervals; this row is not one; spread: every value 0, so max/median is 0/0, undefined -> '-' (A2; A1 printed inf); N by contains0 either way
D5b|rlx0|NET112|rxbytes	D5b	NET-112: bytes into the board minus driver rx bytes + FCS	-	clock-free	0	1	0	0	0	0	face	-	Y	N	loss-count	N	loss-count; spread undefined (median 0); contains0	N	as above	s106/n1-d5/net112.tsv | A2 id D5b|rlx0|NET112|rx_bytes	under20ms '-' -> N: the spec's column is Y/N and its test applies only to time intervals; this row is not one; spread: every value 0, so max/median is 0/0, undefined -> '-' (A2; A1 printed inf); N by contains0 either way
NET109|crcalignerr	NET109	CPU port CRCAlignErr at P1-AC0	-	clock-free	294	1	294	294	294	294	face	0.000000	N	N	-	Y	-	N	card B § 3.6: 'the count itself ... is not predicted'	bench/2026-09-23/P1-AC0.log (read after P1-N0, nothing typed between) | A2 id NET109|P1-AC0|CRCAlignErr	under20ms '-' -> N: the spec's column is Y/N and its test applies only to time intervals; this row is not one
NET109|p3egress	NET109	port 3 egress unicast packets at P1-AC0	-	clock-free	294	1	294	294	294	294	face	0.000000	N	N	-	Y	-	N	as above	bench/2026-09-23/P1-AC0.log (read after P1-N0, nothing typed between) | A2 id NET109|P1-AC0|p3_egress	under20ms '-' -> N: the spec's column is Y/N and its test applies only to time intervals; this row is not one
NET109|crc-minus-egress	NET109	CRCAlignErr minus port-3 egress (the healthy shape: 0)	-	clock-free	0	1	0	0	0	0	face	-	Y	N	-	N	spread undefined (median 0); contains0	N	card B § 3.6 predicts equality	bench/2026-09-23/P1-AC0.log (read after P1-N0, nothing typed between)	kept (A1 only): card B § 3.6 predicts the healthy shape CRCAlignErr = port-3 egress; § 19.2 publishes 294 = 294; under20ms '-' -> N (spec vocabulary Y/N; not a time interval); spread 0/0 -> '-'
NET109|cpu-rcv-bytes	NET109	CPU port Rcv bytes at P1-AC0	-	clock-free	0	1	0	0	0	0	face	-	Y	N	-	N	spread undefined (median 0); contains0	N	card B § 3.6 predicts 0	bench/2026-09-23/P1-AC0.log (read after P1-N0, nothing typed between) | A2 id NET109|P1-AC0|cpu_rcv_bytes	under20ms '-' -> N: the spec's column is Y/N and its test applies only to time intervals; this row is not one; spread: every value 0, so max/median is 0/0, undefined -> '-' (A2; A1 printed inf); N by contains0 either way
NET109|cpuevent	NET109	CpuEvent at P1-AC0	-	clock-free	0	1	0	0	0	0	face	-	Y	N	-	N	spread undefined (median 0); contains0	N	unchanged	bench/2026-09-23/P1-AC0.log (read after P1-N0, nothing typed between)	kept (A1 only): § 19.1 publishes CpuEvent 0 at P1-AC0; under20ms '-' -> N (spec vocabulary Y/N; not a time interval); spread 0/0 -> '-'
CLK|ticks-per-RAW-s	CLK	board ticks per second of the reference clock (seating A: 99.998 +/- 0.001 per NTP second; 100.0031 per Windows second)	-	clock-free	-	0	-	-	-	-	-	-	-	-	-	none	no seating-A value by card B's rule: card B measures ticks per RAW second (TK0/TK1); seating A has no RAW stamps, so it cannot be re-read by that rule	N	changed: per RAW second (card B § 3.8)	notes/boot-time.md § 7.2 (typed 99.998, 100.0031); s106/c-clock/REPORT.md § 1 | A2 id CLK|ticks_per_s	no seating-A value by card B's rule (ticks per RAW second; seating A has no RAW stamp): A_values empty, n 0 - A1; A2 put the per-NTP-second 99.998, a different quantity, in A_values while also marking none
CLK|tick-shortfall	CLK	ticks the board's counters fell short between P1-N0 and P1-TR1-S0	-	clock-free	105	1	105	105	105	105	face	0.000000	N	N	loss-count	N	loss-count	N	changed: card B places a shortfall per trial with -S0/-S1 /proc/stat on RAW (§ 3.8)	s106/c-clock/x11.out | A2 id CLK|shortfall	kind clock-free: a tick count set against a tick ratio - card B § 3.0 lists counts and tick ratios as clock-free - A2; under20ms '-' -> N: the spec's column is Y/N and its test applies only to time intervals; this row is not one
VEND|wsc2reg|slow	VEND	vendor 'WiFi Simple Config' -> 'Register to wlan0', boots with the >= 1 s step	pooled	board	1.130692,1.122209,1.119685,1.127061,1.122850,1.124720,1.113574,1.125872	8	1.123785	1.113574	1.130692	1.152541	raw / f6 window r	0.009086	N	N	-	Y	-	N	card B § 3.7; unchanged	s106/n2-d4d8/vendor-d4.tsv reg_wlan0 - wscd (V1,V2,V3,V5,V6,V7,M1,M2) | A2 id VEND|wsc_register|slow	same boots at higher precision: A2 reads both lines' FW-35 arrivals at 1 us; A1 subtracts vendor-d4.tsv's 4-dp stamps (each difference within 0.1 ms, ROUNDING control) - A2, raw and corrected
VEND|wsc2reg|fast	VEND	vendor 'WiFi Simple Config' -> 'Register to wlan0', the fast mode	pooled	board	0.146649	1	0.146649	0.146649	0.146649	0.150209	raw / f6 window r	0.000000	N	N	-	Y	-	N	card B § 3.7; unchanged	s106/n2-d4d8/vendor-d4.tsv (V4) | A2 id VEND|wsc_register|fast	same boots at higher precision: A2 reads both lines' FW-35 arrivals at 1 us; A1 subtracts vendor-d4.tsv's 4-dp stamps (each difference within 0.1 ms, ROUNDING control) - A2, raw and corrected
VEND|bridge-minus-wlanappkill	VEND	vendor 'Init bridge interface...' minus 'sysconf wlanapp kill wlan0'	pooled	board	0.835694,0.839622,0.839078,0.836603,0.839037,0.833247,0.855746,0.838676,0.836235	9	0.838676	0.833247	0.855746	0.858508	raw / f6 window r	0.020354	N	N	-	Y	-	N	card B § 3.7; unchanged	s106/n2-d4d8/vendor-d4.tsv bridge - wlanapp_kill (V1-V7,M1,M2) | A2 id VEND|bridge_minus_wlanappkill	same boots at higher precision: A2 reads both lines' FW-35 arrivals at 1 us; A1 subtracts vendor-d4.tsv's 4-dp stamps (each difference within 0.1 ms, ROUNDING control) - A2, raw and corrected
VEND|jbfc2realtek|warm	VEND	J BFC00000 sent -> <RealTek> (the warm reset, V4-WZ..V7-WZ)	warm	board	2.236097,2.248814,2.248841,2.211740	4	2.242456	2.211740	2.248841	2.303356	r_best per catch (f5-best.tsv)	0.013697	N	N	-	Y	-	N	card B § 3.7 (~2.30 s); unchanged	bench/2026-09-23/Z9-D2.tsv reset records (V4-WZ,V5-WZ,V6-WZ,V7-WZ); s106/c-clock/f5-best.tsv | A2 id VEND|J_BFC00000_to_RealTek|warm	
VEND|loader.esc|M1	VEND	M1-BOOT loader.esc (the autoboot's wait; same number as SEG|loader|-|cold|loader.esc)	listen	board	5.121936	1	5.121936	5.121936	5.121936	5.237582	r_best (f5-best.tsv)	0.000000	N	N	listed	N	listed	Y	card B § 3.7; unchanged	bench/2026-09-23/Z9-D2.tsv loader (M1-BOOT); s106/c-clock/f5-best.tsv | A2 id VEND|M1|loader.esc	load_bearing Y: the same number as SEG loader.esc (Y); one number carries one class - A1. Stable N (listed), so a miss decides nothing either way
VEND|loader.esc|M2	VEND	M2-BOOT loader.esc (the autoboot's wait; same number as SEG|loader|-|warm|loader.esc)	listen	board	5.102142	1	5.102142	5.102142	5.102142	5.237048	r_best (f5-best.tsv)	0.000000	N	N	listed	N	listed	Y	card B § 3.7; unchanged	bench/2026-09-23/Z9-D2.tsv loader (M2-BOOT); s106/c-clock/f5-best.tsv | A2 id VEND|M2|loader.esc	load_bearing Y: the same number as SEG loader.esc (Y); one number carries one class - A1. Stable N (listed), so a miss decides nothing either way
VEND|j2boa|mode-slow	VEND	vendor J -> boa (boot.jump_to_ready), boots with the slow WSC step	pooled	board	26.309627,26.085752,26.258240,26.215816,26.191747,26.237552,26.175747,26.057378	8	26.203781	26.057378	26.309627	26.863274	raw / f6 window r	0.005587	N	N	-	Y	-	N	card B § 3.7 splits J -> boa by the step; unchanged	bench/2026-09-23/Z9-D2.tsv seg (V1,V2,V3,V5,V6,V7,M1,M2)	kept (A1 only): card B § 3.7 predicts J -> boa per WSC-step mode; § 7.6 lists the values; UNRESOLVED (load_bearing): N by the spec ('per firmware, variant and class'; card B § 3.10 puts cold and warm in separate tables) / Y by the closing rule's text, which names 'the vendor's J -> boa' (card B § 3.7 predicts it per WSC-step mode) beside 'a boot-timeline segment per firmware, variant and class' with no class. Stable Y, so a seating-B miss here either keeps P2 open or is carried forward: the owner decides before any seating-B value of it is read; COORDINATOR: R1 load_bearing N: DoD D3 puts cold and warm in separate tables with n, median and range per cell, so the rule names each quantity per class; a pooled or per-mode row is scored beside, rule (3)
VEND|j2boa|mode-fast	VEND	vendor J -> boa (boot.jump_to_ready), boots with the fast WSC step	pooled	board	25.339388	1	25.339388	25.339388	25.339388	25.954510	raw / f6 window r	0.000000	N	N	-	Y	-	N	card B § 3.7 splits J -> boa by the step; unchanged	bench/2026-09-23/Z9-D2.tsv seg (V4)	kept (A1 only): card B § 3.7 predicts J -> boa per WSC-step mode (V4); UNRESOLVED (load_bearing): N by the spec ('per firmware, variant and class'; card B § 3.10 puts cold and warm in separate tables) / Y by the closing rule's text, which names 'the vendor's J -> boa' (card B § 3.7 predicts it per WSC-step mode) beside 'a boot-timeline segment per firmware, variant and class' with no class. Stable Y, so a seating-B miss here either keeps P2 open or is carried forward: the owner decides before any seating-B value of it is read; COORDINATOR: R1 load_bearing N: DoD D3 puts cold and warm in separate tables with n, median and range per cell, so the rule names each quantity per class; a pooled or per-mode row is scored beside, rule (3)
D8|arp|b1-b2	D8	host ARP broadcast #1 -> #2 on the wire	-	host-timer	1.025157,1.007092,1.004568,1.002449,1.025453,1.007341,1.009789,1.000617,1.000370,1.000544,1.016784	11	1.007092	1.000370	1.025453	1.007092	face	0.018232	N	N	-	Y	-	N	card B § 3.4: P1-TCPD and P3-TCPD, frames through hostclock convert onto RAW; unchanged quantity	s106/n2-d4d8/p3-cycles.tsv (P3-TCPD frames on host monotonic via the journal)	kept (A1 only): card B § 3.4 quotes it (#1->#2 1.0004-1.0255 s, P3-TCPD)
D8|arp|b2-b3	D8	host ARP broadcast #2 -> #3 on the wire	-	host-timer	1.019955,1.028002,1.024004,1.027938,1.024007,1.024001,1.024047,1.023986	8	1.024005	1.019955	1.028002	1.024005	face	0.003956	N	N	-	Y	-	N	card B § 3.4: P1-TCPD and P3-TCPD, frames through hostclock convert onto RAW; unchanged quantity	s106/n2-d4d8/p3-cycles.tsv (P3-TCPD frames on host monotonic via the journal)	kept (A1 only): card B § 3.4 quotes it (#2->#3 1.0200-1.0280 s)
D8|arp|b3-fail	D8	host ARP #3 -> the failure's read	-	host-timer	1.024775,1.020318,1.024426,1.020394,1.024082,1.024288,1.024567,1.024425	8	1.024357	1.020318	1.024775	1.024357	face	0.003942	N	N	-	Y	-	N	card B § 3.4: P1-TCPD and P3-TCPD, frames through hostclock convert onto RAW; unchanged quantity	s106/n2-d4d8/p3-cycles.tsv (P3-TCPD frames on host monotonic via the journal)	kept (A1 only): card B § 3.4 quotes it (#3 -> the failure's read 1.0203-1.0248 s)
D8|arp|b1-trigger	D8	host ARP #1 minus the send of the echo that triggered it, s	-	host-timer	-0.000024,-0.000113,-0.000039,-0.000112,-0.000070,-0.000067,-0.000059,-0.000084,-0.000084,-0.000011	10	-0.0000685	-0.000113	-0.000011	-0.0000685	face	0.839416	N	Y	-	N	spread 0.839416 >= 0.10; under20ms	N	card B § 3.4: P1-TCPD and P3-TCPD, frames through hostclock convert onto RAW; unchanged quantity	s106/n2-d4d8/p3-cycles.tsv (P3-TCPD frames on host monotonic via the journal)	kept (A1 only): card B § 3.4 quotes it (the first broadcast -0.113...+0.024 ms from its trigger; the +0.024 is a sign slip, see REPORT); A1's ms converted to seconds (brief's convention); ms -> s (the median -0.0000685 s keeps a 7th decimal: it is the mean of two 1-us values)
D8|nic2bcast2|quiet|pooled	D8	rlxfw quiet NIC probe -> the host's #2 broadcast after the carrier loss (frames)	pooled	host-timer	4.265636,4.215756	2	4.240696	4.215756	4.265636	4.240696	face	0.005881	N	N	-	Y	-	N	card B § 3.4 (#2 at NIC + 4.18-4.27, host part at face); P1-TCPD adds seven boots	s106/n2-d4d8/p3-cycles.tsv (P3-TCPD frames on host monotonic via the journal); P3Q-r01 cycle 67-77, P3Q-r02 cycle 155-165; NIC from Z9-D2 lm	kept (A1 only): § 7.3 publishes the second broadcast at NIC+4.18-4.27 s
D7|dB|B00-B09	D7	loud minus quiet console bytes, B00-B09, per loud x quiet pair of press 1	-	clock-free	810,810,810,810,810,810,810,810,810,810,810,810	12	810	810	810	810	face	0.000000	N	N	-	Y	-	N	card B § 3.3 (dB 5,831 at e = 0); unchanged	bench/2026-09-23/P1L-r0N-boot.log x P1Q-r0N-boot.log (12 pairs), marker offsets; notes § 7.6	kept (A1 only): § 7.6 publishes +810 B in B00->B09, 12 of 12 pairs; under20ms '-' -> N (spec vocabulary Y/N; not a time interval)
D7|dB|B09-B10	D7	loud minus quiet console bytes, B09-B10, per loud x quiet pair of press 1	-	clock-free	5021,5021,5021,5021,5021,5021,5021,5021,5021,5021,5021,5021	12	5021	5021	5021	5021	face	0.000000	N	N	-	Y	-	N	card B § 3.3 (dB 5,831 at e = 0); unchanged	bench/2026-09-23/P1L-r0N-boot.log x P1Q-r0N-boot.log (12 pairs), marker offsets; notes § 7.6	kept (A1 only): § 7.6 publishes +5,021 B in B09->B10, 12 of 12 pairs; under20ms '-' -> N (spec vocabulary Y/N; not a time interval)
D7|dB|total	D7	loud minus quiet console bytes, total, per loud x quiet pair of press 1	-	clock-free	5831,5831,5831,5831,5831,5831,5831,5831,5831,5831,5831,5831	12	5831	5831	5831	5831	face	0.000000	N	N	-	Y	-	N	card B § 3.3 (dB 5,831 at e = 0); unchanged	bench/2026-09-23/P1L-r0N-boot.log x P1Q-r0N-boot.log (12 pairs), marker offsets; notes § 7.6	kept (A1 only): § 7.6 publishes the 5,831-byte difference; under20ms '-' -> N (spec vocabulary Y/N; not a time interval)
EXACT|PQ-boot|bytes	EXACT	every P*Q-rNN-boot capture, bytes (predicted 2,117)	-	exact	2117,2117,2117,2117,2117,2117,2117,2117	8	2117	2117	2117	2117	face	-	-	-	-	exact	exact (card B § 3.2): not a D3 number	N	card B § 3.2	bench/2026-09-23/<boot>.meta.json bytes (8 captures) | A2 id EXACT|quiet_boot_bytes	exact row: A_n = captures read, values listed per capture (A2); A1 summarised ('n of n'); no D3 consequence
EXACT|P1L-boot|bytes	EXACT	every P1L-rNN-boot, bytes (predicted 7,948 + e, normalised 7,948)	-	exact	7948,7948,7948 (tmpReg fields 12,12,12)	3	-	-	-	-	-	-	-	-	-	exact	exact (card B § 3.2): not a D3 number	N	card B § 3.2	bench/2026-09-23/P1L-r0N-boot.meta.json | A2 id EXACT|loud_boot_bytes	
EXACT|boot|RLXFW-ID0	EXACT	RLXFW-ID0=A2C56BC8 in every rlxfw boot	-	exact	A2C56BC8,A2C56BC8,A2C56BC8,A2C56BC8,A2C56BC8,A2C56BC8,A2C56BC8,A2C56BC8,A2C56BC8,A2C56BC8,A2C56BC8	11	-	-	-	-	-	-	-	-	-	exact	exact (card B § 3.2): not a D3 number	N	card B § 3.2 (looprun A3)	bench/2026-09-23/P*-rNN-boot.log	granularity: card B § 3.2 states these as separate values; spec 'one row each' -> A1's split rows, filled with A2's per-capture values from EXACT|RLXFW-ID0_N7 (A2's combined row dropped)
EXACT|boot|RLXFW-N7	EXACT	RLXFW-N7=00000011 in every rlxfw boot	-	exact	00000011,00000011,00000011,00000011,00000011,00000011,00000011,00000011,00000011,00000011,00000011	11	-	-	-	-	-	-	-	-	-	exact	exact (card B § 3.2): not a D3 number	N	card B § 3.2	bench/2026-09-23/P*-rNN-boot.log	granularity: card B § 3.2 states these as separate values; spec 'one row each' -> A1's split rows, filled with A2's per-capture values from EXACT|RLXFW-ID0_N7 (A2's combined row dropped)
EXACT|map|bytes	EXACT	every map capture, bytes (predicted 3,013)	-	exact	3013,3013,3013	3	3013	3013	3013	3013	face	-	-	-	-	exact	exact (card B § 3.2): not a D3 number	N	card B § 3.2	bench/2026-09-23/P*-M0.meta.json | A2 id EXACT|map_bytes	exact row: A_n = captures read, values listed per capture (A2); A1 summarised ('n of n'); no D3 consequence
EXACT|map|body-digest	EXACT	map body digest (MB pipeline), predicted 0927be41e91fe4bd...	-	exact	0927be41e91fe4bd,0927be41e91fe4bd,0927be41e91fe4bd	3	-	-	-	-	-	-	-	-	-	exact	exact (card B § 3.2): not a D3 number	N	card B § 3.2	bench/2026-09-23/P*-MB0.log | A2 id EXACT|map_body_digest	
EXACT|map|compare-differ-line	EXACT	map_compare_differ_line	-	exact	DIFFER 000000 device c66a4126d7b1b862... dump 8494cc8666b5c6f6...,DIFFER 000000 device c66a4126d7b1b862... dump 8494cc8666b5c6f6...,DIFFER 000000 device c66a4126d7b1b862... dump 8494cc8666b5c6f6...	3	-	-	-	-	-	-	-	-	-	exact	exact (card B § 3.2): not a D3 number	N	card B § 3.2: exactly the one group-0 DIFFER line	bench/2026-09-23/P*-MB0.log line 2 [captures: P1-MB0,P2-MB0,P3-MB0]	granularity: card B § 3.2 states the DIFFER line and the summary line as two exact values; spec 'one row each' -> A2's two rows replace A1's one (EXACT|map_compare_differ_line)
EXACT|map|compare-summary	EXACT	map_compare_summary	-	exact	31 same; 1 DIFFER; 0 scope; 0 extra; 0 missing,31 same; 1 DIFFER; 0 scope; 0 extra; 0 missing,31 same; 1 DIFFER; 0 scope; 0 extra; 0 missing	3	-	-	-	-	-	-	-	-	-	exact	exact (card B § 3.2): not a D3 number	N	card B § 3.2: 31 same, 1 DIFFER, 0 scope, 0 extra, 0 missing	bench/2026-09-23/P*-MB0.log line 3 [captures: P1-MB0,P2-MB0,P3-MB0]	granularity: card B § 3.2 states the DIFFER line and the summary line as two exact values; spec 'one row each' -> A2's two rows replace A1's one (EXACT|map_compare_summary)
EXACT|map|header	EXACT	map header fields (map_ran 1 ... corrupt_at -1)	-	exact	map_ran=1 map_rc=0 map_entries=32 map_hashed=4186112 map_h601_skipped=8192 map_h601_hashed=0 map_diff_units=0 map_truncated=0 map_lines=32 corrupt_at=-1,map_ran=1 map_rc=0 map_entries=32 map_hashed=4186112 map_h601_skipped=8192 map_h601_hashed=0 map_diff_units=0 map_truncated=0 map_lines=32 corrupt_at=-1,map_ran=1 map_rc=0 map_entries=32 map_hashed=4186112 map_h601_skipped=8192 map_h601_hashed=0 map_diff_units=0 map_truncated=0 map_lines=32 corrupt_at=-1	3	-	-	-	-	-	-	-	-	-	exact	exact (card B § 3.2): not a D3 number	N	card B § 3.2	bench/2026-09-23/P*-M0.log; fields typed from card B § 3.2 | A2 id EXACT|map_header	exact row: A_n = captures read, values listed per capture (A2); A1 summarised ('n of n'); no D3 consequence
EXACT|P1-OFF|bytes	EXACT	every P1-OFFnn, bytes (predicted 139)	-	exact	139,139,139,139,139,139,139,139,139,139,139,139,139,139,139	15	139	139	139	139	face	-	-	-	-	exact	exact (card B § 3.2): not a D3 number	N	card B § 3.2	bench/2026-09-23/P1-OFFnn.meta.json | A2 id EXACT|offset_cell_bytes	exact row: A_n = captures read, values listed per capture (A2); A1 summarised ('n of n'); no D3 consequence
EXACT|P1-OFF-HP|udp	EXACT	P1-OFF-HP: 15 udp events on port 50000, each len=10	-	exact	15 udp on 50000; len=10	1	-	-	-	-	-	-	-	-	-	exact	exact (card B § 3.2): not a D3 number	N	card B § 3.2	bench/2026-09-23/P1-OFF-HP.events | A2 id EXACT|offset_udp_events	exact row: A_n = captures read, values listed per capture (A2); A1 summarised ('n of n'); no D3 consequence
EXACT|V-BOOT|bytes	EXACT	every V*-BOOT, bytes (predicted 1,789)	-	exact	1789,1789,1789,1789,1789,1789,1789	7	1789	1789	1789	1789	face	-	-	-	-	exact	exact (card B § 3.2): not a D3 number	N	card B § 3.2	bench/2026-09-23/V*-BOOT.meta.json | A2 id EXACT|vendor_boot_bytes	exact row: A_n = captures read, values listed per capture (A2); A1 summarised ('n of n'); no D3 consequence
EXACT|V-BOOT|end	EXACT	every V*-BOOT ends 'boa: starting server pid=350, port 80'	-	exact	boa-end,boa-end,boa-end,boa-end,boa-end,boa-end,boa-end	7	-	-	-	-	-	-	-	-	-	exact	exact (card B § 3.2): not a D3 number	N	card B § 3.2	bench/2026-09-23/V*-BOOT.log | A2 id EXACT|vendor_boot_end	exact row: A_n = captures read, values listed per capture (A2); A1 summarised ('n of n'); no D3 consequence
EXACT|V-BOOT|digest	EXACT	every V*-BOOT sha256 is 2f921f7508dd69b4... or 89df2d260b86e48d... (LDR-46)	-	exact	V1:89df2d260b86e48d,V2:89df2d260b86e48d,V3:2f921f7508dd69b4,V4:2f921f7508dd69b4,V5:89df2d260b86e48d,V6:2f921f7508dd69b4,V7:2f921f7508dd69b4	7	-	-	-	-	-	-	-	-	-	exact	exact (card B § 3.2): not a D3 number	N	card B § 3.2	bench/2026-09-23/V*-BOOT.log (sha256 of the file) | A2 id EXACT|vendor_boot_sha256_16	
EXACT|M1-BOOT|bytes	EXACT	M1-BOOT bytes (predicted 1901)	listen	exact	1901	1	1901	1901	1901	1901	-	-	-	-	-	exact	exact (card B § 3.2): not a D3 number	N	card B § 3.2	bench/2026-09-23/M1-BOOT.meta.json	granularity: card B § 3.2 states these as separate values; spec 'one row each' -> A1's split rows, filled with A2's per-capture values from EXACT|M1_M2_boot_bytes (A2's combined row dropped)
EXACT|M2-BOOT|bytes	EXACT	M2-BOOT bytes (predicted 1979)	listen	exact	1979	1	1979	1979	1979	1979	-	-	-	-	-	exact	exact (card B § 3.2): not a D3 number	N	card B § 3.2	bench/2026-09-23/M2-BOOT.meta.json	granularity: card B § 3.2 states these as separate values; spec 'one row each' -> A1's split rows, filled with A2's per-capture values from EXACT|M1_M2_boot_bytes (A2's combined row dropped)
EXACT|V-HD|bytes	EXACT	every V*-HD staged-head read-back, 118 B, byte-identical to 2026-08-31c/K2-2a.log	-	exact	-	0	-	-	-	-	-	-	-	-	-	exact	exact (card B § 3.2): not a D3 number	N	card B § 3.2 (new cell)	none in seating A (card A had no staged-head read-back, CORRECTIONS-block42 § 3) | A2 id EXACT|vendor_head_V-HD	
EXACT|burn-flag	EXACT	every *-AB / *-AB2 burn flag (predicted 00000001)	-	exact	00000001,00000001,00000001,00000001,00000001,00000001,00000001,00000001,00000001,00000001,00000001,00000001	12	1	1	1	1	face	-	-	-	-	exact	exact (card B § 3.2): not a D3 number	N	card B § 3.2	bench/2026-09-23/{V1..V7,M2}-AB.log, V4..V7-AB2.log | A2 id EXACT|burn_flag_AB	exact row: A_n = captures read, values listed per capture (A2); A1 summarised ('n of n'); no D3 consequence
EXACT|looprun-S5b	EXACT	every looprun S5b AUTOBURN read (predicted 00000000)	-	exact	00000000,00000000,00000000,00000000,00000000,00000000,00000000,00000000,00000000,00000000,00000000	11	0	0	0	0	face	-	-	-	-	exact	exact (card B § 3.2): not a D3 number	N	card B § 3.2	bench/2026-09-23/P*-rNN-ab2.log (11) | A2 id EXACT|looprun_S5b_read	exact row: A_n = captures read, values listed per capture (A2); A1 summarised ('n of n'); no D3 consequence
EXACT|P1-N0|flags	EXACT	P1-N0 recov_mode 1, ph_follow 1	-	exact	recov_mode 1, ph_follow 1	1	-	-	-	-	-	-	-	-	-	exact	exact (card B § 3.2): not a D3 number	N	card B § 3.2	bench/2026-09-23/P1-N0.log | A2 id EXACT|P1-N0_recov_ph	
EXACT|P1-ETH4	EXACT	P1-ETH4: HWaddr as card B § 3.2, inet addr:10.1.1.4, Mask:255.0.0.0, line 12 eth4	-	exact	HWaddr as card; inet True; mask True; line12 True	1	-	-	-	-	-	-	-	-	-	exact	exact (card B § 3.2): not a D3 number	N	card B § 3.2	bench/2026-09-23/P1-ETH4.log (the address compared, not printed) | A2 id EXACT|P1-ETH4_fields	
EXACT|P1-DOWN	EXACT	P1-DOWN: RLXFW-N-ENGOFF, RLXFW-N-NDSTOP, no line 12	-	exact	ENGOFF True; NDSTOP True; line12 absent True	1	-	-	-	-	-	-	-	-	-	exact	exact (card B § 3.2): not a D3 number	N	card B § 3.2	bench/2026-09-23/P1-DOWN.log | A2 id EXACT|P1-DOWN_fields	
